Date,Time,Day,Station,Delay,Vehicle
2017-12-01,00:19,Friday,YUS/BD/SHEPPARD SUBWAY,0,0
2017-12-01,00:27,Friday,OSGOODE STATION,0,5691
2017-12-01,00:42,Friday,WILSON YARD,0,5526
2017-12-01,01:40,Friday,JANE STATION,0,5052
2017-12-01,02:24,Friday,FINCH STATION,0,5411
2017-12-01,05:21,Friday,OLD MILL STATION,5,5221
2017-12-01,05:37,Friday,FINCH STATION,0,5756
2017-12-01,05:37,Friday,FINCH STATION,0,0
2017-12-01,06:10,Friday,BLOOR DANFORTH SUBWAY,0,0
2017-12-01,06:12,Friday,SHEPPARD WEST STATION,3,0
2017-12-01,07:04,Friday,HIGH PARK STATION,11,5086
2017-12-01,07:36,Friday,DAVISVILLE STATION,0,0
2017-12-01,08:08,Friday,SUMMERHILL STATION,0,0
2017-12-01,08:14,Friday,EGLINTON STATION,0,5926
2017-12-01,08:55,Friday,COXWELL STATION,3,5314
2017-12-01,09:53,Friday,ST CLAIR WEST STATION,0,5796
2017-12-01,10:16,Friday,EGLINTON STATION,3,5781
2017-12-01,10:17,Friday,WARDEN STATION,0,5240
2017-12-01,10:51,Friday,WILSON STATION,0,5121
2017-12-01,11:24,Friday,HIGH PARK STATION,0,0
2017-12-01,11:52,Friday,YONGE SHP STATION,0,6162
2017-12-01,13:00,Friday,FINCH STATION,3,5421
2017-12-01,13:54,Friday,SHEPPARD WEST STATION,10,5156
2017-12-01,14:09,Friday,SPADINA YUS STATION,3,6121
2017-12-01,14:40,Friday,VICTORIA PARK STATION,0,0
2017-12-01,14:57,Friday,YORK MILLS STATION,0,5736
2017-12-01,15:11,Friday,KIPLING STATION,0,5298
2017-12-01,15:26,Friday,KEELE STATION,4,5241
2017-12-01,15:38,Friday,SHEPPARD WEST STATION,5,6096
2017-12-01,15:40,Friday,DUPONT STATION,0,5496
2017-12-01,16:04,Friday,GLENCAIRN STATION,0,5386
2017-12-01,16:47,Friday,COLLEGE STATION,3,5801
2017-12-01,17:30,Friday,KEELE STATION,0,5225
2017-12-01,17:38,Friday,KEELE STATION,0,5157
2017-12-01,17:42,Friday,EGLINTON STATION,0,5491
2017-12-01,18:38,Friday,ROYAL YORK STATION,5,5170
2017-12-01,18:42,Friday,KIPLING STATION,0,5186
2017-12-01,18:56,Friday,ST CLAIR STATION,4,6006
2017-12-01,18:58,Friday,SPADINA BD STATION,0,0
2017-12-01,19:27,Friday,KEELE STATION,8,5091
2017-12-01,21:21,Friday,WARDEN STATION,0,5241
2017-12-01,21:48,Friday,KENNEDY BD STATION,0,0
2017-12-01,21:49,Friday,KING STATION,0,6076
2017-12-01,22:00,Friday,OSGOODE STATION,5,5386
2017-12-01,22:00,Friday,YUS/BD/SHEPPARD SUBWAY,0,0
2017-12-01,22:28,Friday,EGLINTON WEST STATION,23,5906
2017-12-01,22:33,Friday,JANE STATION,0,5048
2017-12-01,22:39,Friday,SHEPPARD WEST STATION,3,5621
2017-12-01,22:48,Friday,BAYVIEW STATION,6,6191
2017-12-02,00:19,Saturday,SHEPPARD WEST STATION,5,5911
2017-12-02,00:23,Saturday,YORKDALE STATION,0,5711
2017-12-02,00:54,Saturday,ST GEORGE BD STATION,0,0
2017-12-02,01:20,Saturday,KENNEDY BD STATION,0,5324
2017-12-02,01:21,Saturday,KING STATION,0,5861
2017-12-02,01:26,Saturday,UNION STATION,0,5861
2017-12-02,01:27,Saturday,LAWRENCE WEST STATION,4,5511
2017-12-02,05:30,Saturday,MCCOWAN STATION,0,0
2017-12-02,05:57,Saturday,MCCOWAN STATION,3,3004
2017-12-02,06:00,Saturday,OSGOODE STATION,0,5946
2017-12-02,06:09,Saturday,KIPLING STATION,0,5227
2017-12-02,06:40,Saturday,KENNEDY BD STATION,0,5219
2017-12-02,07:41,Saturday,MUSEUM STATION,6,5411
2017-12-02,08:36,Saturday,BLOOR DANFORTH SUBWAY,3,6161
2017-12-02,08:52,Saturday,RUNNYMEDE STATION,0,0
2017-12-02,09:58,Saturday,DUFFERIN STATION,0,0
2017-12-02,10:49,Saturday,SCARB CTR STATION,17,3018
2017-12-02,10:50,Saturday,BLOOR DANFORTH SUBWAY,0,0
2017-12-02,12:04,Saturday,GREENWOOD STATION,4,5329
2017-12-02,12:38,Saturday,COXWELL STATION,0,5021
2017-12-02,12:39,Saturday,ST CLAIR WEST STATION,0,5801
2017-12-02,13:27,Saturday,OSSINGTON STATION,0,5139
2017-12-02,13:30,Saturday,MAIN STREET STATION,0,0
2017-12-02,14:03,Saturday,SHERBOURNE STATION,0,0
2017-12-02,14:19,Saturday,CHESTER STATION,3,5085
2017-12-02,14:42,Saturday,YONGE BD STATION,7,5341
2017-12-02,14:56,Saturday,ST CLAIR STATION,0,6026
2017-12-02,15:14,Saturday,ISLINGTON STATION,0,5158
2017-12-02,15:24,Saturday,BLOOR STATION,0,5696
2017-12-02,15:30,Saturday,ST CLAIR STATION,3,5696
2017-12-02,15:34,Saturday,OSSINGTON STATION,3,5319
2017-12-02,15:54,Saturday,YONGE SHP STATION,0,6191
2017-12-02,15:59,Saturday,ST CLAIR WEST STATION,0,5466
2017-12-02,16:07,Saturday,ROYAL YORK STATION,0,5215
2017-12-02,16:22,Saturday,ST GEORGE BD STATION,0,5323
2017-12-02,16:30,Saturday,SHEPPARD WEST STATION,3,5711
2017-12-02,16:33,Saturday,VICTORIA PARK STATION,0,5001
2017-12-02,17:21,Saturday,WILSON STATION,3,5816
2017-12-02,17:55,Saturday,ST GEORGE BD STATION,3,5291
2017-12-02,18:28,Saturday,VAUGHAN MC STATION,3,5826
2017-12-02,18:39,Saturday,WELLESLEY STATION,0,6056
2017-12-02,19:26,Saturday,KENNEDY SRT STATION,5,3017
2017-12-02,19:27,Saturday,GREENWOOD STATION,0,5261
2017-12-02,19:27,Saturday,SHERBOURNE STATION,12,5219
2017-12-02,19:51,Saturday,LANSDOWNE STATION,13,5219
2017-12-02,20:01,Saturday,DUPONT STATION,0,0
2017-12-02,20:04,Saturday,NORTH YORK CTR STATION,0,5526
2017-12-02,20:05,Saturday,OLD MILL STATION,4,5362
2017-12-02,20:40,Saturday,KIPLING STATION,0,0
2017-12-02,20:55,Saturday,ST CLAIR STATION,4,5411
2017-12-02,20:57,Saturday,WILSON STATION,4,5731
2017-12-02,21:04,Saturday,LANSDOWNE STATION,0,0
2017-12-02,22:00,Saturday,YUS/BD/SHEPPARD SUBWAY,0,0
2017-12-02,22:03,Saturday,WARDEN STATION,0,5319
2017-12-02,22:15,Saturday,COLLEGE STATION,0,0
2017-12-02,22:39,Saturday,SPADINA STATION,0,0
2017-12-02,23:29,Saturday,KENNEDY BD STATION,0,5336
2017-12-03,00:02,Sunday,KENNEDY BD STATION,0,5012
2017-12-03,01:19,Sunday,YONGE BD STATION,4,5324
2017-12-03,01:46,Sunday,BATHURST STATION,0,0
2017-12-03,02:05,Sunday,SHEPPARD WEST STATION,0,0
2017-12-03,07:34,Sunday,EGLINTON STATION,4,6101
2017-12-03,07:54,Sunday,YONGE SHP STATION,0,6191
2017-12-03,08:00,Sunday,OSGOODE STATION,0,0
2017-12-03,08:00,Sunday,YUS/BD/SHEPPARD SUBWAY,0,0
2017-12-03,08:02,Sunday,KEELE STATION,0,5274
2017-12-03,08:13,Sunday,KEELE STATION,0,5078
2017-12-03,08:14,Sunday,LAWRENCE WEST STATION,29,6106
2017-12-03,08:16,Sunday,FINCH STATION,5,5926
2017-12-03,08:22,Sunday,KIPLING STATION,0,5201
2017-12-03,08:29,Sunday,VICTORIA PARK STATION,0,5166
2017-12-03,08:36,Sunday,LAWRENCE WEST STATION,0,7908
2017-12-03,08:54,Sunday,ST CLAIR WEST STATION,0,5541
2017-12-03,09:33,Sunday,EGLINTON POCKET,38,5671
2017-12-03,10:29,Sunday,FINCH STATION,5,5546
2017-12-03,10:51,Sunday,KENNEDY BD STATION,4,5036
2017-12-03,10:53,Sunday,EGLINTON STATION,3,5381
2017-12-03,10:57,Sunday,KIPLING STATION,0,5052
2017-12-03,12:08,Sunday,WARDEN STATION,0,5122
2017-12-03,12:09,Sunday,WELLESLEY STATION,0,0
2017-12-03,15:40,Sunday,WOODBINE STATION,0,5127
2017-12-03,16:46,Sunday,ROSEDALE STATION,0,5916
2017-12-03,17:33,Sunday,WILSON STATION,0,0
2017-12-03,17:37,Sunday,CASTLE FRANK STATION,0,5002
2017-12-03,17:46,Sunday,JANE STATION,5,5048
2017-12-03,17:49,Sunday,COXWELL STATION,0,5012
2017-12-03,17:56,Sunday,ST GEORGE YUS STATION,21,5911
2017-12-03,18:15,Sunday,MCCOWAN YARD,0,0
2017-12-03,18:16,Sunday,WOODBINE STATION,0,0
2017-12-03,18:47,Sunday,KENNEDY SRT STATION,0,3015
2017-12-03,18:51,Sunday,OSGOODE STATION,0,5736
2017-12-03,19:23,Sunday,SHEPPARD STATION,0,0
2017-12-03,20:09,Sunday,YONGE BD STATION,0,0
2017-12-03,20:12,Sunday,QUEEN STATION,3,5671
2017-12-03,20:18,Sunday,QUEEN'S PARK STATION,0,5526
2017-12-03,20:38,Sunday,HIGH PARK STATION,29,5291
2017-12-03,20:45,Sunday,OSGOODE STATION,0,5736
2017-12-03,21:14,Sunday,CHESTER STATION,0,0
2017-12-03,21:20,Sunday,YONGE BD STATION,0,5018
2017-12-03,22:00,Sunday,YUS/BD/SHEPPARD SUBWAY,0,0
2017-12-03,22:55,Sunday,ST CLAIR STATION,13,5411
2017-12-03,23:15,Sunday,BLOOR DANFORTH SUBWAY,0,0
2017-12-03,23:37,Sunday,ST PATRICK STATION,0,5691
2017-12-04,00:01,Monday,OSSINGTON STATION,0,5091
2017-12-04,00:35,Monday,ISLINGTON STATION,0,5342
2017-12-04,01:42,Monday,COLLEGE STATION,10,5636
2017-12-04,02:58,Monday,EGLINTON STATION,0,5726
2017-12-04,05:30,Monday,DOWNSVIEW PARK TO VMC,0,0
2017-12-04,05:34,Monday,LESLIE STATION,0,6166
2017-12-04,05:48,Monday,KIPLING STATION,0,5211
2017-12-04,05:50,Monday,KEELE STATION,5,5158
2017-12-04,06:10,Monday,WARDEN STATION,0,5206
2017-12-04,06:11,Monday,EGLINTON STATION,0,5561
2017-12-04,06:11,Monday,WILSON STATION,3,5591
2017-12-04,06:25,Monday,WARDEN STATION,0,5371
2017-12-04,06:35,Monday,GREENWOOD STATION,0,5354
2017-12-04,06:46,Monday,ST CLAIR WEST STATION,0,6111
2017-12-04,06:52,Monday,ISLINGTON STATION,0,0
2017-12-04,07:02,Monday,WOODBINE STATION,0,5201
2017-12-04,07:23,Monday,OSGOODE STATION,0,5456
2017-12-04,07:32,Monday,KIPLING STATION,0,5001
2017-12-04,07:40,Monday,WARDEN STATION,0,5281
2017-12-04,07:48,Monday,BROADVIEW STATION,0,0
2017-12-04,08:10,Monday,ST CLAIR STATION,7,5686
2017-12-04,08:18,Monday,WOODBINE STATION,0,5010
2017-12-04,08:27,Monday,OSSINGTON STATION,4,5018
2017-12-04,08:33,Monday,CHRISTIE STATION,7,5018
2017-12-04,08:41,Monday,KENNEDY BD STATION,0,5046
2017-12-04,08:48,Monday,ST GEORGE BD STATION,8,5208
2017-12-04,08:54,Monday,SPADINA BD STATION,5,5201
2017-12-04,08:58,Monday,COLLEGE STATION,0,6056
2017-12-04,08:58,Monday,GREENWOOD SHOP,0,41
2017-12-04,09:07,Monday,EGLINTON STATION,3,5561
2017-12-04,09:08,Monday,LAWRENCE STATION,0,5741
2017-12-04,09:44,Monday,BATHURST STATION,0,0
2017-12-04,10:39,Monday,FINCH STATION,0,5611
2017-12-04,11:40,Monday,BLOOR DANFORTH SUBWAY,0,0
2017-12-04,11:47,Monday,EGLINTON STATION,0,5561
2017-12-04,12:55,Monday,JANE STATION,0,0
2017-12-04,13:38,Monday,NORTH YORK CTR STATION,0,0
2017-12-04,14:09,Monday,BAYVIEW STATION,0,0
2017-12-04,14:29,Monday,FINCH STATION,0,0
2017-12-04,15:10,Monday,EGLINTON STATION,6,6096
2017-12-04,15:35,Monday,SCARB CTR STATION,0,3013
2017-12-04,15:47,Monday,DONLANDS STATION,6,5336
2017-12-04,16:20,Monday,DON MILLS STATION,0,6181
2017-12-04,16:23,Monday,YONGE SHP STATION,0,6166
2017-12-04,17:09,Monday,ISLINGTON STATION,3,5111
2017-12-04,17:20,Monday,MAIN STREET STATION,0,0
2017-12-04,17:32,Monday,SHEPPARD WEST STATION,0,0
2017-12-04,17:32,Monday,ST CLAIR STATION,4,5136
2017-12-04,17:44,Monday,WILSON STATION,0,5461
2017-12-04,17:46,Monday,FINCH STATION,0,6046
2017-12-04,17:48,Monday,SHEPPARD WEST STATION,6,5451
2017-12-04,18:47,Monday,FINCH STATION,3,5426
2017-12-04,19:41,Monday,WILSON STATION,0,5856
2017-12-04,20:31,Monday,FINCH STATION,0,5536
2017-12-04,20:54,Monday,ST GEORGE BD STATION,3,5082
2017-12-04,21:25,Monday,BLOOR STATION,3,5721
2017-12-04,21:30,Monday,WILSON STATION,0,5816
2017-12-04,21:56,Monday,SHEPPARD WEST STATION,25,5551
2017-12-04,22:00,Monday,YUS/BD/SHEPPARD SUBWAY,0,0
2017-12-04,22:16,Monday,MUSEUM STATION,14,5906
2017-12-04,22:20,Monday,LAWRENCE WEST STATION,0,5661
2017-12-04,22:23,Monday,ST CLAIR WEST STATION,0,5501
2017-12-04,23:09,Monday,JANE STATION,0,5252
2017-12-04,23:21,Monday,KIPLING STATION,0,5317
2017-12-05,00:35,Tuesday,KIPLING STATION,0,5287
2017-12-05,00:41,Tuesday,KEELE STATION,3,5048
2017-12-05,00:44,Tuesday,VICTORIA PARK STATION,0,5152
2017-12-05,01:41,Tuesday,KEELE STATION,0,5314
2017-12-05,01:49,Tuesday,FINCH STATION,0,5936
2017-12-05,02:39,Tuesday,FINCH STATION,0,0
2017-12-05,05:44,Tuesday,EGLINTON STATION,17,6106
2017-12-05,06:01,Tuesday,KEELE STATION,0,0
2017-12-05,06:31,Tuesday,HIGH PARK STATION,0,5202
2017-12-05,06:38,Tuesday,WILSON STATION,0,6056
2017-12-05,06:41,Tuesday,KENNEDY BD STATION,3,5170
2017-12-05,06:57,Tuesday,CHESTER STATION,3,5098
2017-12-05,06:58,Tuesday,VICTORIA PARK STATION,0,5134
2017-12-05,07:03,Tuesday,WOODBINE STATION,0,5347
2017-12-05,07:13,Tuesday,HIGH PARK STATION,0,5208
2017-12-05,07:23,Tuesday,YONGE BD STATION,4,5128
2017-12-05,07:36,Tuesday,KENNEDY BD STATION,0,5362
2017-12-05,07:50,Tuesday,KIPLING STATION,3,5216
2017-12-05,08:03,Tuesday,SHERBOURNE STATION,0,5235
2017-12-05,08:18,Tuesday,BLOOR STATION,0,5811
2017-12-05,08:36,Tuesday,ROSEDALE STATION,0,0
2017-12-05,08:39,Tuesday,SHERBOURNE STATION,0,0
2017-12-05,09:25,Tuesday,YONGE BD STATION,0,0
2017-12-05,09:26,Tuesday,BATHURST STATION,0,0
2017-12-05,09:52,Tuesday,KEELE STATION,0,5203
2017-12-05,10:00,Tuesday,WELLESLEY STATION,0,0
2017-12-05,10:07,Tuesday,EGLINTON STATION,5,5906
2017-12-05,10:11,Tuesday,SHEPPARD STATION,0,0
2017-12-05,10:19,Tuesday,ST ANDREW STATION,0,6011
2017-12-05,11:30,Tuesday,YUS/BD/SHEPPARD SUBWAY,0,0
2017-12-05,11:53,Tuesday,BLOOR DANFORTH SUBWAY,0,0
2017-12-05,12:07,Tuesday,BROADVIEW STATION,0,5266
2017-12-05,13:09,Tuesday,LANSDOWNE STATION,3,5188
2017-12-05,13:15,Tuesday,KENNEDY BD STATION,3,5320
2017-12-05,13:20,Tuesday,KENNEDY BD STATION,0,5320
2017-12-05,14:46,Tuesday,FINCH STATION,3,5501
2017-12-05,15:19,Tuesday,ISLINGTON STATION,0,5152
2017-12-05,15:39,Tuesday,YORK MILLS STATION,3,6051
2017-12-05,15:59,Tuesday,GREENWOOD STATION,3,5157
2017-12-05,16:06,Tuesday,YORKDALE STATION,3,5466
2017-12-05,16:13,Tuesday,BAY STATION,0,5157
2017-12-05,16:49,Tuesday,KIPLING STATION,0,5336
2017-12-05,17:12,Tuesday,ST CLAIR WEST STATION,0,0
2017-12-05,17:26,Tuesday,OLD MILL STATION,0,5048
2017-12-05,17:33,Tuesday,YORK MILLS STATION,4,5506
2017-12-05,18:29,Tuesday,ST GEORGE BD STATION,3,5170
2017-12-05,18:45,Tuesday,KIPLING STATION,0,5281
2017-12-05,18:51,Tuesday,SHEPPARD WEST STATION,14,5551
2017-12-05,19:07,Tuesday,EGLINTON STATION,3,5991
2017-12-05,20:10,Tuesday,COXWELL STATION,6,5064
2017-12-05,21:01,Tuesday,LAWRENCE EAST STATION,11,3017
2017-12-05,21:07,Tuesday,WILSON STATION,0,5811
2017-12-05,22:00,Tuesday,YUS/BD/SHEPPARD SUBWAY,0,0
2017-12-05,22:02,Tuesday,DUNDAS STATION,5,5426
2017-12-05,23:06,Tuesday,EGLINTON STATION,5,5786
2017-12-05,23:08,Tuesday,DUFFERIN STATION,3,5221
2017-12-05,23:15,Tuesday,YUS/BD/SHEPPARD SUBWAY,0,0
2017-12-05,23:46,Tuesday,WARDEN STATION,8,5025
2017-12-06,05:29,Wednesday,BESSARION STATION,5,6191
2017-12-06,05:45,Wednesday,EGLINTON STATION,19,5491
2017-12-06,05:58,Wednesday,DAVISVILLE STATION,5,5781
2017-12-06,06:15,Wednesday,WILSON YARD,3,0
2017-12-06,06:24,Wednesday,WARDEN STATION,0,5342
2017-12-06,06:28,Wednesday,GREENWOOD STATION,5,5005
2017-12-06,06:35,Wednesday,WILSON YARD,0,0
2017-12-06,06:49,Wednesday,WILSON YARD,3,0
2017-12-06,07:08,Wednesday,WILSON YARD,3,0
2017-12-06,07:17,Wednesday,SHEPPARD STATION,0,0
2017-12-06,07:17,Wednesday,WILSON YARD,3,0
2017-12-06,07:47,Wednesday,BROADVIEW STATION,0,0
2017-12-06,08:13,Wednesday,WOODBINE STATION,0,5001
2017-12-06,08:24,Wednesday,QUEEN'S PARK STATION,0,5451
2017-12-06,08:27,Wednesday,KIPLING STATION,5,5152
2017-12-06,08:51,Wednesday,DUPONT STATION,0,6116
2017-12-06,08:53,Wednesday,BLOOR STATION,6,5911
2017-12-06,08:56,Wednesday,ROSEDALE STATION,0,5636
2017-12-06,08:57,Wednesday,QUEEN'S PARK STATION,0,5826
2017-12-06,09:10,Wednesday,FINCH STATION,0,0
2017-12-06,09:17,Wednesday,ROSEDALE STATION,11,5886
2017-12-06,09:23,Wednesday,DUNDAS STATION,3,5801
2017-12-06,09:44,Wednesday,KIPLING STATION,0,5048
2017-12-06,09:48,Wednesday,SCARB CTR STATION,0,3023
2017-12-06,10:11,Wednesday,JANE STATION,0,0
2017-12-06,10:47,Wednesday,GREENWOOD CARHOUSE,0,0
2017-12-06,11:25,Wednesday,YUS/BD/SHEPPARD SUBWAY,0,0
2017-12-06,11:26,Wednesday,CHESTER STATION,0,5228
2017-12-06,12:22,Wednesday,ST CLAIR STATION,0,5686
2017-12-06,12:30,Wednesday,KIPLING STATION,3,5291
2017-12-06,13:00,Wednesday,YONGE BD STATION,0,0
2017-12-06,13:09,Wednesday,QUEEN STATION,3,5881
2017-12-06,14:07,Wednesday,MUSEUM STATION,0,5971
2017-12-06,14:51,Wednesday,GREENWOOD STATION,0,5195
2017-12-06,15:19,Wednesday,BATHURST STATION,0,5225
2017-12-06,15:38,Wednesday,ST GEORGE BD STATION,11,5219
2017-12-06,15:43,Wednesday,COLLEGE STATION,0,0
2017-12-06,16:01,Wednesday,ISLINGTON STATION,0,0
2017-12-06,16:02,Wednesday,SHEPPARD WEST STATION,0,0
2017-12-06,16:07,Wednesday,GREENWOOD STATION,3,5085
2017-12-06,16:14,Wednesday,BROADVIEW STATION,3,5274
2017-12-06,16:38,Wednesday,FINCH STATION,5,5751
2017-12-06,16:46,Wednesday,UNION STATION,3,5771
2017-12-06,17:33,Wednesday,QUEEN STATION,4,6096
2017-12-06,17:52,Wednesday,EGLINTON STATION,3,5906
2017-12-06,18:05,Wednesday,VICTORIA PARK STATION,0,5219
2017-12-06,18:34,Wednesday,EGLINTON STATION,4,5871
2017-12-06,19:03,Wednesday,EGLINTON STATION,0,0
2017-12-06,19:24,Wednesday,FINCH STATION,0,5696
2017-12-06,19:59,Wednesday,DAVISVILLE STATION,3,5496
2017-12-06,20:18,Wednesday,EGLINTON STATION,4,6121
2017-12-06,20:25,Wednesday,BLOOR DANFORTH SUBWAY,0,0
2017-12-06,20:42,Wednesday,VICTORIA PARK STATION,8,5100
2017-12-06,21:35,Wednesday,EGLINTON WEST STATION,20,5811
2017-12-06,21:40,Wednesday,ROSEDALE STATION,0,0
2017-12-06,21:43,Wednesday,CHESTER STATION,0,5240
2017-12-06,21:58,Wednesday,QUEEN'S PARK STATION,0,0
2017-12-06,22:00,Wednesday,YUS/BD/SHEPPARD SUBWAY,0,0
2017-12-06,22:17,Wednesday,ST ANDREW STATION,0,5526
2017-12-06,22:29,Wednesday,EGLINTON STATION,3,5836
2017-12-06,22:57,Wednesday,KING STATION,10,5631
2017-12-06,23:19,Wednesday,BLOOR STATION,3,5966
2017-12-06,23:28,Wednesday,KIPLING STATION,0,0
2017-12-06,23:57,Wednesday,KENNEDY BD STATION,3,5111
2017-12-07,01:15,Thursday,ST ANDREW STATION,19,5621
2017-12-07,01:17,Thursday,LAWRENCE EAST STATION,0,0
2017-12-07,01:40,Thursday,FINCH STATION,0,5956
2017-12-07,01:54,Thursday,KENNEDY BD STATION,0,5351
2017-12-07,03:21,Thursday,EGLINTON STATION,0,0
2017-12-07,05:42,Thursday,KIPLING STATION,0,5240
2017-12-07,05:54,Thursday,UNION STATION,3,6081
2017-12-07,06:07,Thursday,SPADINA BD STATION,0,5231
2017-12-07,06:12,Thursday,UNION STATION,0,0
2017-12-07,06:19,Thursday,KENNEDY SRT STATION,4,3007
2017-12-07,06:19,Thursday,KIPLING STATION,0,5046
2017-12-07,06:20,Thursday,WILSON STATION,3,0
2017-12-07,06:31,Thursday,KIPLING STATION,0,5082
2017-12-07,06:32,Thursday,ST GEORGE YUS STATION,0,5996
2017-12-07,06:33,Thursday,SHEPPARD STATION,0,5466
2017-12-07,06:38,Thursday,GREENWOOD STATION,3,5019
2017-12-07,06:39,Thursday,WILSON STATION,3,0
2017-12-07,06:46,Thursday,LAWRENCE WEST STATION,0,5786
2017-12-07,07:09,Thursday,KIPLING STATION,3,5300
2017-12-07,07:19,Thursday,HIGH PARK STATION,5,5235
2017-12-07,07:26,Thursday,KIPLING STATION,0,5160
2017-12-07,07:50,Thursday,DON MILLS STATION,0,6156
2017-12-07,07:51,Thursday,MCBRIEN BUILDING,0,0
2017-12-07,07:52,Thursday,OSSINGTON STATION,0,5057
2017-12-07,07:53,Thursday,DUNDAS WEST STATION,6,5038
2017-12-07,08:06,Thursday,CHESTER STATION,8,5243
2017-12-07,08:20,Thursday,ST PATRICK STATION,0,5421
2017-12-07,08:22,Thursday,KIPLING STATION,0,5082
2017-12-07,08:51,Thursday,BLOOR STATION,0,0
2017-12-07,09:28,Thursday,LAWRENCE STATION,0,5711
2017-12-07,11:05,Thursday,YONGE SHP STATION,0,6146
2017-12-07,11:21,Thursday,SHEPPARD WEST STATION,3,5871
2017-12-07,11:35,Thursday,YUS/BD/SHEPPARD SUBWAY,0,0
2017-12-07,11:55,Thursday,EGLINTON WEST STATION,0,5466
2017-12-07,11:55,Thursday,ST GEORGE YUS STATION,0,6121
2017-12-07,12:29,Thursday,BLOOR STATION,17,5606
2017-12-07,13:11,Thursday,ROYAL YORK STATION,0,5160
2017-12-07,13:22,Thursday,WARDEN STATION,0,5231
2017-12-07,13:37,Thursday,ISLINGTON STATION,0,5109
2017-12-07,14:03,Thursday,SHEPPARD WEST PORTAL,4,5766
2017-12-07,14:51,Thursday,SHEPPARD WEST STATION,0,0
2017-12-07,15:28,Thursday,VAUGHAN MC STATION,4,5776
2017-12-07,15:36,Thursday,CHRISTIE STATION,0,5206
2017-12-07,16:00,Thursday,BAYVIEW STATION,20,6155
2017-12-07,16:09,Thursday,ST CLAIR STATION,0,0
2017-12-07,16:51,Thursday,EGLINTON WEST STATION,0,5591
2017-12-07,17:08,Thursday,GREENWOOD SHOP,0,0
2017-12-07,17:15,Thursday,NORTH YORK CTR STATION,0,5986
2017-12-07,17:24,Thursday,EGLINTON WEST STATION,0,5996
2017-12-07,17:32,Thursday,WILSON STATION,6,5946
2017-12-07,17:33,Thursday,DON MILLS STATION,5,6156
2017-12-07,17:35,Thursday,LANSDOWNE STATION,3,5057
2017-12-07,17:48,Thursday,MAIN STREET STATION,0,0
2017-12-07,17:51,Thursday,BLOOR STATION,0,5585
2017-12-07,18:03,Thursday,EGLINTON STATION,10,5996
2017-12-07,18:21,Thursday,SHEPPARD STATION,8,5636
2017-12-07,18:30,Thursday,FINCH STATION,0,5526
2017-12-07,18:56,Thursday,SHEPPARD STATION,0,5906
2017-12-07,18:57,Thursday,DAVISVILLE STATION,0,8388
2017-12-07,19:23,Thursday,DAVISVILLE STATION,0,0
2017-12-07,20:55,Thursday,ST GEORGE BD STATION,9,5271
2017-12-07,22:00,Thursday,QUEEN'S PARK STATION,0,6036
2017-12-07,22:00,Thursday,YUS/BD/SHEPPARD SUBWAY,0,0
2017-12-07,22:03,Thursday,LAWRENCE EAST STATION,9,3026
2017-12-07,22:43,Thursday,FINCH STATION,0,5511
2017-12-07,23:43,Thursday,UNION STATION,0,5531
2017-12-08,00:00,Friday,LAWRENCE WEST STATION,0,5491
2017-12-08,00:43,Friday,YONGE SHP STATION,5,6171
2017-12-08,01:11,Friday,SHEPPARD STATION,0,5631
2017-12-08,01:27,Friday,GLENCAIRN STATION,0,5741
2017-12-08,01:53,Friday,LESLIE STATION,0,6186
2017-12-08,05:43,Friday,KIPLING STATION,0,5082
2017-12-08,05:56,Friday,ST CLAIR WEST STATION,0,5891
2017-12-08,06:01,Friday,WILSON STATION,3,0
2017-12-08,06:03,Friday,SHEPPARD WEST STATION,32,5691
2017-12-08,06:15,Friday,WILSON STATION,3,0
2017-12-08,06:22,Friday,WILSON STATION,3,0
2017-12-08,06:27,Friday,DUNCAN SHOP,0,0
2017-12-08,06:33,Friday,DONLANDS STATION,4,5231
2017-12-08,06:35,Friday,GREENWOOD STATION,0,5306
2017-12-08,06:35,Friday,WILSON STATION,3,0
2017-12-08,06:38,Friday,EGLINTON STATION,0,5856
2017-12-08,06:40,Friday,GREENWOOD STATION,4,5306
2017-12-08,07:02,Friday,DONLANDS STATION,5,5190
2017-12-08,07:10,Friday,ISLINGTON STATION,6,5333
2017-12-08,07:18,Friday,KIPLING STATION,0,5186
2017-12-08,07:24,Friday,KIPLING STATION,0,5322
2017-12-08,08:06,Friday,WILSON STATION,3,0
2017-12-08,08:25,Friday,GLENCAIRN STATION,0,5916
2017-12-08,08:45,Friday,WOODBINE STATION,0,5206
2017-12-08,08:50,Friday,YONGE BD STATION,0,0
2017-12-08,09:04,Friday,SHEPPARD WEST STATION,0,5451
2017-12-08,09:22,Friday,BLOOR STATION,0,6036
2017-12-08,09:32,Friday,ROSEDALE STATION,0,6041
2017-12-08,09:34,Friday,BLOOR STATION,6,5661
2017-12-08,09:52,Friday,COLLEGE STATION,0,5981
2017-12-08,10:03,Friday,BLOOR STATION,0,0
2017-12-08,10:40,Friday,YONGE SHP STATION,0,0
2017-12-08,11:10,Friday,SPADINA YUS STATION,3,6031
2017-12-08,12:13,Friday,SHEPPARD WEST STATION,0,5696
2017-12-08,14:10,Friday,KEELE STATION,0,0
2017-12-08,14:27,Friday,WILSON STATION,0,5756
2017-12-08,15:31,Friday,BATHURST STATION,8,5235
2017-12-08,15:36,Friday,BAY STATION,0,5100
2017-12-08,16:11,Friday,ISLINGTON STATION,3,5231
2017-12-08,16:36,Friday,ROYAL YORK STATION,0,5134
2017-12-08,16:51,Friday,WILSON STATION,8,5791
2017-12-08,17:01,Friday,LAWRENCE STATION,4,5971
2017-12-08,17:16,Friday,YONGE SHP STATION,0,6176
2017-12-08,17:29,Friday,UNION STATION,0,5901
2017-12-08,17:32,Friday,QUEEN STATION,0,5592
2017-12-08,17:33,Friday,PAPE STATION,0,5094
2017-12-08,18:25,Friday,YONGE SHP STATION,0,6141
2017-12-08,18:26,Friday,SHEPPARD WEST STATION,0,0
2017-12-08,18:43,Friday,ST GEORGE BD STATION,0,5182
2017-12-08,19:00,Friday,KIPLING STATION,0,5248
2017-12-08,19:58,Friday,RUNNYMEDE STATION,6,5224
2017-12-08,20:46,Friday,JANE STATION,0,5075
2017-12-08,20:55,Friday,KENNEDY BD STATION,0,5008
2017-12-08,21:24,Friday,DAVISVILLE STATION,6,5941
2017-12-08,21:42,Friday,ST CLAIR WEST STATION,0,6126
2017-12-08,22:00,Friday,YUS/BD/SHEPPARD SUBWAY,0,0
2017-12-08,22:16,Friday,DUNDAS STATION,0,0
2017-12-08,22:38,Friday,GLENCAIRN STATION,0,5619
2017-12-08,23:09,Friday,KENNEDY SRT STATION,4,3023
2017-12-08,23:47,Friday,KENNEDY BD STATION,0,5351
2017-12-09,00:19,Saturday,SHERBOURNE STATION,3,5221
2017-12-09,00:41,Saturday,KIPLING STATION,4,5177
2017-12-09,00:45,Saturday,OSSINGTON STATION,0,5139
2017-12-09,02:19,Saturday,FINCH STATION,0,0
2017-12-09,05:46,Saturday,KING STATION,0,0
2017-12-09,05:53,Saturday,ISLINGTON STATION,0,5152
2017-12-09,05:54,Saturday,KENNEDY BD STATION,0,5224
2017-12-09,05:55,Saturday,KIPLING STATION,0,5082
2017-12-09,05:59,Saturday,ROYAL YORK STATION,0,5082
2017-12-09,06:00,Saturday,YUS/BD/SHEPPARD SUBWAY,0,0
2017-12-09,06:03,Saturday,ROYAL YORK STATION,0,5371
2017-12-09,06:11,Saturday,ROYAL YORK STATION,0,5092
2017-12-09,06:12,Saturday,ROYAL YORK STATION,0,5256
2017-12-09,06:55,Saturday,FINCH STATION,0,6111
2017-12-09,07:06,Saturday,BAYVIEW STATION,0,6196
2017-12-09,07:13,Saturday,LAWRENCE STATION,0,0
2017-12-09,07:14,Saturday,WELLESLEY STATION,0,0
2017-12-09,07:58,Saturday,NORTH YORK CTR STATION,0,5711
2017-12-09,08:00,Saturday,KENNEDY BD STATION,4,5122
2017-12-09,09:08,Saturday,DON MILLS STATION,0,6176
2017-12-09,09:43,Saturday,FINCH WEST STATION,0,5616
2017-12-09,10:57,Saturday,WILSON STATION,4,6001
2017-12-09,11:45,Saturday,BLOOR DANFORTH SUBWAY,0,0
2017-12-09,11:47,Saturday,KENNEDY BD STATION,4,5001
2017-12-09,12:08,Saturday,WILSON STATION,4,5616
2017-12-09,12:43,Saturday,DUPONT STATION,0,5576
2017-12-09,13:29,Saturday,SHEPPARD WEST STATION,3,5596
2017-12-09,13:38,Saturday,ST GEORGE YUS STATION,0,5466
2017-12-09,13:43,Saturday,SUMMERHILL STATION,0,5451
2017-12-09,13:52,Saturday,KIPLING STATION,0,0
2017-12-09,13:54,Saturday,KENNEDY BD STATION,3,5139
2017-12-09,14:00,Saturday,ST GEORGE BD STATION,0,5351
2017-12-09,14:28,Saturday,MAIN STREET STATION,3,5305
2017-12-09,14:30,Saturday,BLOOR STATION,0,5971
2017-12-09,14:50,Saturday,SHEPPARD STATION,0,6111
2017-12-09,15:02,Saturday,EGLINTON WEST STATION,0,5956
2017-12-09,15:16,Saturday,GREENWOOD YARD,0,5289
2017-12-09,17:37,Saturday,SHEPPARD STATION,0,5741
2017-12-09,18:04,Saturday,ST CLAIR STATION,0,5951
2017-12-09,18:15,Saturday,HIGH PARK STATION,3,5046
2017-12-09,18:42,Saturday,ST CLAIR STATION,18,5836
2017-12-09,18:46,Saturday,ROSEDALE STATION,0,5436
2017-12-09,18:53,Saturday,SUMMERHILL STATION,0,5491
2017-12-09,19:03,Saturday,SUMMERHILL STATION,0,5496
2017-12-09,19:11,Saturday,JANE STATION,0,5297
2017-12-09,19:50,Saturday,DUNDAS STATION,0,0
2017-12-09,20:04,Saturday,BAYVIEW STATION,0,6176
2017-12-09,20:27,Saturday,JANE STATION,0,0
2017-12-09,20:44,Saturday,LAWRENCE STATION,0,5766
2017-12-09,21:54,Saturday,KIPLING STATION,0,5092
2017-12-09,22:00,Saturday,YUS/BD/SHEPPARD SUBWAY,0,0
2017-12-09,23:44,Saturday,QUEEN STATION,0,6021
2017-12-10,00:04,Sunday,WARDEN STATION,0,5182
2017-12-10,00:45,Sunday,VICTORIA PARK STATION,0,5230
2017-12-10,01:40,Sunday,OSSINGTON STATION,3,5246
2017-12-10,01:53,Sunday,NORTH YORK CTR STATION,0,5711
2017-12-10,03:04,Sunday,DAVISVILLE YARD,0,5995
2017-12-10,07:29,Sunday,WILSON YARD,7,5976
2017-12-10,08:00,Sunday,YUS/BD/SHEPPARD SUBWAY,0,0
2017-12-10,08:02,Sunday,KENNEDY BD STATION,0,5024
2017-12-10,08:17,Sunday,FINCH STATION,0,5716
2017-12-10,08:36,Sunday,COXWELL STATION,0,5314
2017-12-10,08:40,Sunday,VAUGHAN MC STATION,0,6056
2017-12-10,09:12,Sunday,FINCH WEST STATION,4,6031
2017-12-10,10:25,Sunday,DUPONT STATION,0,5856
2017-12-10,11:02,Sunday,BAYVIEW STATION,3,6171
2017-12-10,12:45,Sunday,KING STATION,0,6126
2017-12-10,12:49,Sunday,ISLINGTON STATION,0,5151
2017-12-10,13:35,Sunday,BAYVIEW STATION,4,6176
2017-12-10,14:24,Sunday,JANE STATION,0,5214
2017-12-10,14:33,Sunday,DON MILLS STATION,0,6141
2017-12-10,14:37,Sunday,SHEPPARD STATION,0,5741
2017-12-10,14:37,Sunday,YONGE SHP STATION,12,6141
2017-12-10,14:42,Sunday,DON MILLS STATION,0,6196
2017-12-10,15:11,Sunday,MAIN STREET STATION,0,5003
2017-12-10,16:11,Sunday,KENNEDY BD STATION,0,5098
2017-12-10,17:00,Sunday,EGLINTON STATION,0,0
2017-12-10,17:10,Sunday,EGLINTON WEST STATION,0,5826
2017-12-10,17:19,Sunday,CHRISTIE STATION,0,0
2017-12-10,17:37,Sunday,FINCH STATION,5,5746
2017-12-10,18:04,Sunday,ST CLAIR WEST STATION,0,5826
2017-12-10,19:06,Sunday,ST CLAIR WEST STATION,0,5911
2017-12-10,19:43,Sunday,BAYVIEW STATION,9,6186
2017-12-10,20:13,Sunday,BAYVIEW STATION,12,6186
2017-12-10,20:42,Sunday,EGLINTON STATION,0,0
2017-12-10,20:45,Sunday,OLD MILL STATION,0,5230
2017-12-10,20:56,Sunday,DON MILLS STATION,5,6146
2017-12-10,21:04,Sunday,DON MILLS STATION,0,6181
2017-12-10,21:22,Sunday,VICTORIA PARK STATION,0,5230
2017-12-10,21:44,Sunday,WILSON STATION,5,5771
2017-12-10,22:00,Sunday,YUS/BD/SHEPPARD SUBWAY,0,0
2017-12-10,22:25,Sunday,DON MILLS STATION,0,6171
2017-12-10,22:26,Sunday,KIPLING STATION,0,5091
2017-12-10,23:00,Sunday,BLOOR DANFORTH SUBWAY,0,0
2017-12-10,23:05,Sunday,JANE STATION,0,0
2017-12-10,23:06,Sunday,KING STATION,0,5481
2017-12-10,23:46,Sunday,KING STATION,0,5756
2017-12-11,00:14,Monday,QUEEN'S PARK STATION,0,6096
2017-12-11,00:52,Monday,ST CLAIR WEST STATION,0,5777
2017-12-11,01:49,Monday,ISLINGTON STATION,0,0
2017-12-11,05:41,Monday,EGLINTON STATION,3,5676
2017-12-11,05:45,Monday,EGLINTON STATION,15,5716
2017-12-11,05:55,Monday,WILSON STATION,3,0
2017-12-11,06:01,Monday,WILSON STATION,3,0
2017-12-11,06:03,Monday,COXWELL STATION,0,5122
2017-12-11,06:14,Monday,ST CLAIR STATION,5,5781
2017-12-11,06:20,Monday,WILSON STATION,3,0
2017-12-11,06:22,Monday,WILSON STATION,3,0
2017-12-11,06:35,Monday,WILSON STATION,3,0
2017-12-11,06:39,Monday,WILSON STATION,3,0
2017-12-11,06:42,Monday,LAWRENCE WEST STATION,0,5462
2017-12-11,06:47,Monday,EGLINTON STATION,0,5996
2017-12-11,07:14,Monday,SHEPPARD WEST STATION,3,6116
2017-12-11,07:16,Monday,GREENWOOD STATION,0,5354
2017-12-11,07:18,Monday,KIPLING STATION,0,5132
2017-12-11,07:19,Monday,COLLEGE STATION,0,5826
2017-12-11,07:27,Monday,ROYAL YORK STATION,0,5178
2017-12-11,07:38,Monday,ROYAL YORK STATION,3,5073
2017-12-11,07:48,Monday,KENNEDY BD STATION,0,5027
2017-12-11,08:01,Monday,ST GEORGE BD STATION,3,5195
2017-12-11,08:26,Monday,ST CLAIR STATION,3,5981
2017-12-11,08:31,Monday,DAVISVILLE YARD,0,0
2017-12-11,08:37,Monday,DUPONT STATION,0,5481
2017-12-11,08:40,Monday,FINCH STATION,3,5556
2017-12-11,08:43,Monday,SPADINA BD STATION,6,5254
2017-12-11,08:44,Monday,ST CLAIR STATION,0,0
2017-12-11,08:46,Monday,NORTH YORK CTR STATION,0,5711
2017-12-11,08:46,Monday,SPADINA YUS STATION,5,6076
2017-12-11,08:52,Monday,YONGE BD STATION,0,0
2017-12-11,08:53,Monday,QUEEN'S PARK STATION,0,0
2017-12-11,09:32,Monday,YONGE BD STATION,0,5111
2017-12-11,10:42,Monday,WELLESLEY STATION,3,5646
2017-12-11,10:56,Monday,BROADVIEW STATION,0,0
2017-12-11,11:00,Monday,EGLINTON WEST STATION,0,5826
2017-12-11,11:30,Monday,YUS/BD/SHEPPARD SUBWAY,0,0
2017-12-11,11:42,Monday,QUEEN STATION,0,0
2017-12-11,11:46,Monday,BLOOR DANFORTH SUBWAY,0,0
2017-12-11,11:49,Monday,KENNEDY BD STATION,0,5008
2017-12-11,11:53,Monday,FINCH STATION,0,0
2017-12-11,12:26,Monday,OLD MILL STATION,0,5134
2017-12-11,12:38,Monday,BLOOR DANFORTH SUBWAY,0,0
2017-12-11,12:43,Monday,KENNEDY BD STATION,3,5223
2017-12-11,12:57,Monday,DON MILLS STATION,0,5176
2017-12-11,13:08,Monday,YORK MILLS STATION,4,5506
2017-12-11,13:35,Monday,LAWRENCE STATION,0,0
2017-12-11,13:52,Monday,EGLINTON STATION,3,5466
2017-12-11,14:41,Monday,JANE STATION,0,0
2017-12-11,14:56,Monday,LAWRENCE EAST STATION,3,3025
2017-12-11,16:03,Monday,KIPLING STATION,0,5342
2017-12-11,16:18,Monday,KEELE STATION,0,5100
2017-12-11,16:19,Monday,ST ANDREW STATION,9,6091
2017-12-11,16:21,Monday,JANE STATION,3,5033
2017-12-11,16:32,Monday,ISLINGTON STATION,0,5312
2017-12-11,16:32,Monday,ISLINGTON STATION,3,5140
2017-12-11,16:45,Monday,VICTORIA PARK STATION,0,5075
2017-12-11,16:49,Monday,LAWRENCE STATION,0,5466
2017-12-11,17:07,Monday,WARDEN STATION,0,5342
2017-12-11,17:11,Monday,VICTORIA PARK STATION,0,0
2017-12-11,17:18,Monday,KIPLING STATION,0,5182
2017-12-11,17:31,Monday,ISLINGTON STATION,0,5214
2017-12-11,17:34,Monday,YORK MILLS STATION,0,0
2017-12-11,17:39,Monday,QUEEN'S PARK STATION,5,6136
2017-12-11,17:41,Monday,SHEPPARD WEST STATION,3,5426
2017-12-11,17:44,Monday,MAIN STREET STATION,0,5312
2017-12-11,18:02,Monday,QUEEN STATION,0,0
2017-12-11,18:03,Monday,FINCH STATION,0,5951
2017-12-11,18:04,Monday,YORKDALE STATION,0,0
2017-12-11,18:08,Monday,LESLIE STATION,5,6186
2017-12-11,18:09,Monday,WARDEN STATION,0,5116
2017-12-11,18:14,Monday,KENNEDY BD STATION,0,5170
2017-12-11,18:29,Monday,DON MILLS STATION,0,6186
2017-12-11,18:37,Monday,MCCOWAN STATION,7,3014
2017-12-11,19:37,Monday,SHEPPARD WEST STATION,3,6021
2017-12-11,19:38,Monday,SHEPPARD WEST STATION,0,0
2017-12-11,20:45,Monday,UNION STATION,0,0
2017-12-11,20:59,Monday,OSGOODE STATION,0,0
2017-12-11,21:22,Monday,ROSEDALE STATION,5,6006
2017-12-11,22:00,Monday,QUEEN'S PARK STATION,0,5566
2017-12-11,22:00,Monday,YUS/BD/SHEPPARD SUBWAY,0,0
2017-12-11,23:48,Monday,GREENWOOD YARD,0,0
2017-12-11,23:57,Monday,PAPE STATION,0,5027
2017-12-12,00:01,Tuesday,ISLINGTON STATION,5,5134
2017-12-12,00:53,Tuesday,ELLESMERE STATION,9,3018
2017-12-12,01:25,Tuesday,DUPONT STATION,0,5951
2017-12-12,02:00,Tuesday,BLOOR DANFORTH SUBWAY,0,0
2017-12-12,02:00,Tuesday,SCARBOROUGH RAPID TRAN,0,3021
2017-12-12,02:00,Tuesday,YONGE UNIVERSITY LINE,0,0
2017-12-12,02:43,Tuesday,DAVISVILLE HOSTLER,0,0
2017-12-12,05:37,Tuesday,ST PATRICK STATION,0,0
2017-12-12,06:10,Tuesday,KENNEDY BD STATION,0,5089
2017-12-12,06:11,Tuesday,EGLINTON STATION,4,5746
2017-12-12,06:43,Tuesday,KENNEDY BD STATION,3,5292
2017-12-12,06:57,Tuesday,DUNDAS STATION,0,5636
2017-12-12,06:59,Tuesday,ELLESMERE STATION,0,3024
2017-12-12,07:02,Tuesday,KIPLING STATION,0,5366
2017-12-12,07:08,Tuesday,DUNDAS WEST STATION,0,5177
2017-12-12,07:12,Tuesday,WILSON STATION,3,6116
2017-12-12,07:32,Tuesday,KIPLING STATION,0,5092
2017-12-12,07:58,Tuesday,COXWELL STATION,6,5306
2017-12-12,08:12,Tuesday,KENNEDY BD STATION,0,0
2017-12-12,08:14,Tuesday,YONGE BD STATION,0,5186
2017-12-12,08:15,Tuesday,ST CLAIR WEST STATION,0,5821
2017-12-12,08:31,Tuesday,KIPLING STATION,0,5139
2017-12-12,08:32,Tuesday,VICTORIA PARK STATION,0,5356
2017-12-12,08:55,Tuesday,DAVISVILLE STATION,6,5766
2017-12-12,09:36,Tuesday,VICTORIA PARK STATION,0,5139
2017-12-12,10:22,Tuesday,KING STATION,0,5676
2017-12-12,11:00,Tuesday,EGLINTON STATION,6,5946
2017-12-12,11:35,Tuesday,VICTORIA PARK STATION,0,5139
2017-12-12,11:37,Tuesday,EGLINTON STATION,0,0
2017-12-12,11:45,Tuesday,YONGE UNIVERSITY LINE,0,0
2017-12-12,12:51,Tuesday,DUNDAS STATION,4,5981
2017-12-12,13:07,Tuesday,ST ANDREW STATION,4,5731
2017-12-12,13:17,Tuesday,ST ANDREW STATION,0,0
2017-12-12,13:21,Tuesday,GLENCAIRN STATION,0,5946
2017-12-12,14:15,Tuesday,KIPLING STATION,0,5139
2017-12-12,14:22,Tuesday,DUFFERIN STATION,18,5245
2017-12-12,14:35,Tuesday,KENNEDY BD STATION,0,5116
2017-12-12,14:40,Tuesday,KEELE STATION,3,5139
2017-12-12,14:49,Tuesday,DUFFERIN STATION,18,5065
2017-12-12,14:59,Tuesday,MAIN STREET STATION,0,5049
2017-12-12,15:05,Tuesday,SHEPPARD STATION,3,5611
2017-12-12,15:07,Tuesday,UNION STATION,4,5686
2017-12-12,15:15,Tuesday,ST GEORGE BD STATION,4,5005
2017-12-12,15:37,Tuesday,WILSON STATION,10,5846
2017-12-12,15:39,Tuesday,LAWRENCE STATION,0,0
2017-12-12,15:44,Tuesday,DUPONT STATION,0,5826
2017-12-12,16:01,Tuesday,WARDEN STATION,0,5280
2017-12-12,16:38,Tuesday,WILSON YARD,2,0
2017-12-12,16:38,Tuesday,WILSON YARD,2,0
2017-12-12,16:38,Tuesday,WILSON YARD,2,0
2017-12-12,17:13,Tuesday,DAVISVILLE STATION,7,5936
2017-12-12,17:15,Tuesday,LAWRENCE STATION,0,5631
2017-12-12,17:25,Tuesday,OSSINGTON STATION,23,5228
2017-12-12,17:31,Tuesday,YONGE BD STATION,0,0
2017-12-12,19:33,Tuesday,COLLEGE STATION,0,5956
2017-12-12,20:01,Tuesday,EGLINTON STATION,0,5871
2017-12-12,20:09,Tuesday,WARDEN STATION,3,5289
2017-12-12,20:56,Tuesday,EGLINTON STATION,3,0
2017-12-12,21:01,Tuesday,EGLINTON STATION,0,0
2017-12-12,21:31,Tuesday,KENNEDY BD STATION,3,5177
2017-12-12,22:00,Tuesday,DUNDAS WEST STATION,3,5283
2017-12-12,22:00,Tuesday,QUEEN'S PARK STATION,0,5861
2017-12-12,22:00,Tuesday,YUS/BD/SHEPPARD SUBWAY,0,0
2017-12-12,22:17,Tuesday,RUNNYMEDE STATION,0,0
2017-12-12,23:17,Tuesday,YONGE UNIVERSITY LINE,0,0
2017-12-12,23:57,Tuesday,WILSON STATION,0,5886
2017-12-13,00:04,Wednesday,SHEPPARD WEST STATION,17,5616
2017-12-13,00:09,Wednesday,BLOOR STATION,0,5516
2017-12-13,00:15,Wednesday,YONGE BD STATION,0,5336
2017-12-13,00:47,Wednesday,DAVISVILLE STATION,3,5796
2017-12-13,01:28,Wednesday,LAWRENCE STATION,5,5426
2017-12-13,05:39,Wednesday,YORK MILLS STATION,12,5731
2017-12-13,05:49,Wednesday,ROYAL YORK STATION,9,5366
2017-12-13,05:51,Wednesday,DAVISVILLE STATION,3,5501
2017-12-13,06:16,Wednesday,ST GEORGE BD STATION,0,0
2017-12-13,06:22,Wednesday,WILSON STATION,3,0
2017-12-13,06:26,Wednesday,WILSON STATION,3,0
2017-12-13,06:31,Wednesday,WILSON CARHOUSE,0,5776
2017-12-13,06:49,Wednesday,WILSON STATION,3,0
2017-12-13,06:54,Wednesday,WILSON STATION,6,5591
2017-12-13,07:05,Wednesday,CASTLE FRANK STATION,0,5153
2017-12-13,07:08,Wednesday,WILSON STATION,3,0
2017-12-13,07:22,Wednesday,FINCH STATION,0,5981
2017-12-13,07:47,Wednesday,WOODBINE STATION,0,5342
2017-12-13,08:00,Wednesday,KIPLING STATION,0,5211
2017-12-13,08:02,Wednesday,ST CLAIR WEST STATION,3,6106
2017-12-13,08:07,Wednesday,ISLINGTON STATION,0,5369
2017-12-13,08:08,Wednesday,DUNDAS STATION,0,5696
2017-12-13,08:16,Wednesday,WARDEN STATION,0,5273
2017-12-13,08:18,Wednesday,KEELE STATION,0,0
2017-12-13,08:20,Wednesday,WARDEN STATION,0,5167
2017-12-13,08:24,Wednesday,ST ANDREW STATION,3,5536
2017-12-13,08:28,Wednesday,WARDEN STATION,0,5014
2017-12-13,08:45,Wednesday,ST GEORGE BD STATION,8,5153
2017-12-13,09:13,Wednesday,GREENWOOD STATION,7,5059
2017-12-13,09:22,Wednesday,BLOOR STATION,0,0
2017-12-13,09:34,Wednesday,WARDEN STATION,0,5208
2017-12-13,10:38,Wednesday,SHEPPARD WEST STATION,3,5676
2017-12-13,10:39,Wednesday,YONGE SHP STATION,0,6141
2017-12-13,11:32,Wednesday,YORK MILLS STATION,0,0
2017-12-13,12:43,Wednesday,YUS/BD/SHEPPARD SUBWAY,0,0
2017-12-13,13:08,Wednesday,SHEPPARD WEST STATION,3,5591
2017-12-13,13:32,Wednesday,DAVISVILLE STATION,0,5736
2017-12-13,13:32,Wednesday,WILSON STATION,0,5746
2017-12-13,14:11,Wednesday,OSSINGTON STATION,0,0
2017-12-13,14:37,Wednesday,ISLINGTON STATION,0,5256
2017-12-13,15:21,Wednesday,KIPLING STATION,0,0
2017-12-13,15:23,Wednesday,KENNEDY BD STATION,0,0
2017-12-13,15:43,Wednesday,VICTORIA PARK STATION,0,5256
2017-12-13,15:58,Wednesday,GLENCAIRN STATION,0,5561
2017-12-13,16:15,Wednesday,DAVISVILLE STATION,8,5496
2017-12-13,16:19,Wednesday,OLD MILL STATION,0,5256
2017-12-13,17:20,Wednesday,FINCH STATION,0,6116
2017-12-13,17:23,Wednesday,YONGE SHP STATION,12,6151
2017-12-13,18:22,Wednesday,SHEPPARD WEST STATION,11,5676
2017-12-13,19:03,Wednesday,KIPLING STATION,0,5311
2017-12-13,19:08,Wednesday,CHRISTIE STATION,0,5261
2017-12-13,19:08,Wednesday,QUEEN STATION,0,5686
2017-12-13,19:16,Wednesday,MAIN STREET STATION,3,5352
2017-12-13,19:41,Wednesday,GREENWOOD YARD,0,0
2017-12-13,19:56,Wednesday,JANE STATION,0,5195
2017-12-13,20:02,Wednesday,ROYAL YORK STATION,0,5195
2017-12-13,20:29,Wednesday,WARDEN STATION,0,5018
2017-12-13,20:46,Wednesday,YORKDALE STATION,11,6001
2017-12-13,21:00,Wednesday,YORKDALE STATION,0,5681
2017-12-13,21:31,Wednesday,SHEPPARD WEST STATION,3,5656
2017-12-13,21:48,Wednesday,SHEPPARD WEST STATION,7,5911
2017-12-13,22:00,Wednesday,YUS/BD/SHEPPARD SUBWAY,0,0
2017-12-13,22:03,Wednesday,MCCOWAN STATION,0,3026
2017-12-13,22:07,Wednesday,LAWRENCE STATION,0,5731
2017-12-13,22:08,Wednesday,SHEPPARD WEST STATION,0,5911
2017-12-13,22:25,Wednesday,SHEPPARD WEST STATION,13,5975
2017-12-13,22:54,Wednesday,ST GEORGE YUS STATION,5,5641
2017-12-13,23:30,Wednesday,BLOOR DANFORTH SUBWAY,0,0
2017-12-14,00:03,Thursday,ST CLAIR STATION,0,5486
2017-12-14,00:22,Thursday,WARDEN STATION,0,5261
2017-12-14,00:42,Thursday,OLD MILL STATION,0,5250
2017-12-14,00:54,Thursday,ST GEORGE YUS STATION,0,5591
2017-12-14,00:58,Thursday,CHRISTIE STATION,0,0
2017-12-14,01:40,Thursday,PAPE STATION,0,0
2017-12-14,02:00,Thursday,BLOOR DANFORTH SUBWAY,0,0
2017-12-14,02:00,Thursday,SCARBOROUGH RAPID TRAN,0,3026
2017-12-14,02:00,Thursday,YONGE UNIVERSITY LINE,0,0
2017-12-14,04:43,Thursday,OSSINGTON STATION,0,0
2017-12-14,05:25,Thursday,KEELE STATION,5,5108
2017-12-14,06:13,Thursday,WILSON STATION,26,5811
2017-12-14,06:26,Thursday,SHEPPARD STATION,0,0
2017-12-14,06:26,Thursday,SHEPPARD WEST STATION,3,0
2017-12-14,06:29,Thursday,MAIN STREET STATION,0,0
2017-12-14,06:30,Thursday,SHEPPARD WEST STATION,3,0
2017-12-14,06:36,Thursday,FINCH STATION,3,5781
2017-12-14,06:42,Thursday,MCCOWAN STATION,5,3026
2017-12-14,06:47,Thursday,KIPLING STATION,0,5189
2017-12-14,06:51,Thursday,VICTORIA PARK STATION,0,5023
2017-12-14,06:51,Thursday,WILSON STATION,3,0
2017-12-14,06:53,Thursday,LAWRENCE EAST STATION,5,3021
2017-12-14,06:54,Thursday,SHEPPARD WEST STATION,4,5761
2017-12-14,06:59,Thursday,DONLANDS STATION,14,5005
2017-12-14,07:08,Thursday,MCCOWAN STATION,5,3026
2017-12-14,07:17,Thursday,VICTORIA PARK STATION,0,5177
2017-12-14,07:17,Thursday,YORK MILLS STATION,0,0
2017-12-14,07:19,Thursday,WILSON STATION,3,0
2017-12-14,07:20,Thursday,KENNEDY BD STATION,3,5089
2017-12-14,07:25,Thursday,KENNEDY SRT STATION,10,3026
2017-12-14,07:28,Thursday,GREENWOOD STATION,3,0
2017-12-14,08:27,Thursday,DON MILLS STATION,5,6186
2017-12-14,08:53,Thursday,FINCH STATION,0,5736
2017-12-14,09:08,Thursday,DAVISVILLE STATION,3,5731
2017-12-14,09:51,Thursday,FINCH STATION,0,5486
2017-12-14,10:37,Thursday,YONGE SHP STATION,0,6191
2017-12-14,10:50,Thursday,LESLIE STATION,50,6191
2017-12-14,11:24,Thursday,NORTH YORK CTR STATION,0,5696
2017-12-14,11:27,Thursday,ST CLAIR STATION,0,0
2017-12-14,12:00,Thursday,GLENCAIRN STATION,0,6121
2017-12-14,12:05,Thursday,ST CLAIR WEST STATION,0,5631
2017-12-14,12:09,Thursday,YUS/BD/SHEPPARD SUBWAY,0,0
2017-12-14,12:56,Thursday,EGLINTON STATION,7,5421
2017-12-14,13:10,Thursday,KENNEDY BD STATION,0,0
2017-12-14,14:03,Thursday,NORTH YORK CTR STATION,0,5941
2017-12-14,14:21,Thursday,WILSON STATION,5,5761
2017-12-14,15:24,Thursday,WILSON STATION,0,0
2017-12-14,15:37,Thursday,WILSON HOSTLER,0,5516
2017-12-14,15:48,Thursday,SHERBOURNE STATION,0,0
2017-12-14,15:54,Thursday,WILSON HOSTLER,0,5986
2017-12-14,16:08,Thursday,EGLINTON WEST STATION,0,6046
2017-12-14,16:11,Thursday,EGLINTON WEST STATION,0,5721
2017-12-14,16:17,Thursday,KING STATION,0,5621
2017-12-14,16:21,Thursday,KENNEDY BD STATION,0,5004
2017-12-14,16:21,Thursday,WILSON STATION,11,5966
2017-12-14,16:55,Thursday,WILSON STATION,3,5456
2017-12-14,17:01,Thursday,ST GEORGE BD STATION,26,5334
2017-12-14,17:03,Thursday,ST GEORGE YUS STATION,0,5681
2017-12-14,17:20,Thursday,SUMMERHILL STATION,0,5396
2017-12-14,17:55,Thursday,ST GEORGE YUS STATION,0,5706
2017-12-14,17:57,Thursday,YONGE BD STATION,0,0
2017-12-14,18:01,Thursday,VICTORIA PARK STATION,9,5354
2017-12-14,18:21,Thursday,QUEEN'S PARK STATION,0,0
2017-12-14,18:28,Thursday,ST CLAIR WEST STATION,19,5871
2017-12-14,18:42,Thursday,LAWRENCE WEST STATION,0,5941
2017-12-14,19:28,Thursday,EGLINTON STATION,0,5506
2017-12-14,19:29,Thursday,YONGE BD STATION,0,0
2017-12-14,20:08,Thursday,ST CLAIR WEST STATION,0,5761
2017-12-14,20:19,Thursday,KING STATION,50,5396
2017-12-14,20:57,Thursday,UNION STATION,0,5561
2017-12-14,21:21,Thursday,JANE STATION,0,5249
2017-12-14,21:35,Thursday,OLD MILL STATION,5,5019
2017-12-14,21:37,Thursday,VICTORIA PARK STATION,0,5306
2017-12-14,21:51,Thursday,YONGE BD STATION,4,5158
2017-12-14,21:59,Thursday,COLLEGE STATION,12,5681
2017-12-14,22:00,Thursday,YUS/BD/SHEPPARD SUBWAY,0,0
2017-12-14,22:11,Thursday,MUSEUM STATION,5,5696
2017-12-14,22:16,Thursday,COLLEGE STATION,42,6031
2017-12-14,22:57,Thursday,WILSON STATION,0,6041
2017-12-14,23:10,Thursday,LANSDOWNE STATION,34,5322
2017-12-14,23:10,Thursday,WILSON STATION,0,5901
2017-12-14,23:27,Thursday,LAWRENCE WEST STATION,0,6046
2017-12-14,23:37,Thursday,OSSINGTON STATION,0,5271
2017-12-15,00:00,Friday,SHEPPARD STATION,0,0
2017-12-15,00:16,Friday,EGLINTON WEST STATION,12,5456
2017-12-15,00:25,Friday,ST GEORGE YUS STATION,0,6081
2017-12-15,01:27,Friday,OSSINGTON STATION,3,5285
2017-12-15,01:58,Friday,FINCH STATION,0,0
2017-12-15,05:43,Friday,DAVISVILLE STATION,6,5761
2017-12-15,06:16,Friday,WOODBINE STATION,0,5234
2017-12-15,06:38,Friday,OLD MILL STATION,0,0
2017-12-15,06:44,Friday,KIPLING STATION,0,0
2017-12-15,06:48,Friday,DAVISVILLE STATION,0,5456
2017-12-15,07:10,Friday,BLOOR STATION,0,5916
2017-12-15,07:50,Friday,WARDEN STATION,0,5137
2017-12-15,08:23,Friday,KING STATION,3,5846
2017-12-15,08:52,Friday,EGLINTON STATION,3,5631
2017-12-15,09:56,Friday,WILSON STATION,0,6081
2017-12-15,10:02,Friday,WILSON STATION,0,5481
2017-12-15,10:04,Friday,ST PATRICK STATION,3,5921
2017-12-15,10:18,Friday,CHESTER STATION,0,5227
2017-12-15,12:16,Friday,ISLINGTON STATION,0,0
2017-12-15,12:17,Friday,KENNEDY BD STATION,7,5208
2017-12-15,12:32,Friday,LESLIE STATION,0,6181
2017-12-15,12:34,Friday,KENNEDY BD STATION,0,8631
2017-12-15,12:34,Friday,VICTORIA PARK STATION,0,5208
2017-12-15,12:39,Friday,WILSON STATION,0,5826
2017-12-15,12:44,Friday,WILSON STATION,0,0
2017-12-15,12:58,Friday,COLLEGE STATION,0,0
2017-12-15,13:14,Friday,VICTORIA PARK STATION,0,5288
2017-12-15,13:17,Friday,ISLINGTON STATION,0,0
2017-12-15,13:36,Friday,VICTORIA PARK STATION,0,5240
2017-12-15,14:00,Friday,EGLINTON STATION,7,6086
2017-12-15,14:29,Friday,KENNEDY BD STATION,0,0
2017-12-15,14:30,Friday,VICTORIA PARK STATION,0,5369
2017-12-15,14:45,Friday,BAYVIEW STATION,0,0
2017-12-15,14:50,Friday,PAPE STATION,4,5259
2017-12-15,14:59,Friday,VICTORIA PARK STATION,0,5237
2017-12-15,15:12,Friday,DAVISVILLE STATION,0,5466
2017-12-15,15:16,Friday,ST ANDREW STATION,0,0
2017-12-15,15:38,Friday,SUMMERHILL STATION,0,5981
2017-12-15,15:55,Friday,KING STATION,6,5941
2017-12-15,16:32,Friday,BESSARION STATION,26,6151
2017-12-15,16:39,Friday,DAVISVILLE STATION,0,5611
2017-12-15,17:03,Friday,FINCH STATION,0,0
2017-12-15,17:08,Friday,MAIN STREET STATION,0,0
2017-12-15,17:56,Friday,BATHURST STATION,0,0
2017-12-15,19:03,Friday,KEELE STATION,0,5152
2017-12-15,19:20,Friday,LAWRENCE EAST STATION,0,3026
2017-12-15,19:31,Friday,LAWRENCE WEST STATION,0,5451
2017-12-15,20:01,Friday,BROADVIEW STATION,4,5094
2017-12-15,21:16,Friday,WARDEN STATION,7,5208
2017-12-15,21:33,Friday,YORK MILLS STATION,0,6116
2017-12-15,21:35,Friday,WARDEN STATION,0,0
2017-12-15,21:59,Friday,FINCH STATION,0,0
2017-12-15,22:00,Friday,YUS/BD/SHEPPARD SUBWAY,0,0
2017-12-15,22:41,Friday,CHESTER STATION,10,5300
2017-12-15,23:30,Friday,BLOOR DANFORTH SUBWAY,0,0
2017-12-16,00:16,Saturday,KIPLING STATION,0,5234
2017-12-16,00:50,Saturday,ST CLAIR WEST STATION,0,5781
2017-12-16,01:08,Saturday,BATHURST STATION,10,5039
2017-12-16,01:26,Saturday,BATHURST STATION,0,5353
2017-12-16,01:31,Saturday,QUEEN STATION,0,0
2017-12-16,05:45,Saturday,KIPLING STATION,0,0
2017-12-16,05:58,Saturday,ST GEORGE YUS STATION,5,5626
2017-12-16,06:01,Saturday,WARDEN STATION,0,5234
2017-12-16,06:02,Saturday,EGLINTON STATION,5,5831
2017-12-16,06:50,Saturday,KEELE STATION,0,5007
2017-12-16,06:58,Saturday,OLD MILL STATION,0,5007
2017-12-16,07:57,Saturday,YORKDALE STATION,5,5581
2017-12-16,08:20,Saturday,KIPLING STATION,5,5156
2017-12-16,09:05,Saturday,SHEPPARD WEST PORTAL,0,5701
2017-12-16,10:09,Saturday,BLOOR DANFORTH SUBWAY,0,0
2017-12-16,10:17,Saturday,PAPE STATION,0,5041
2017-12-16,10:18,Saturday,BAY STATION,0,5347
2017-12-16,10:46,Saturday,EGLINTON STATION,3,5451
2017-12-16,11:26,Saturday,FINCH STATION,5,5561
2017-12-16,11:38,Saturday,YUS/BD/SHEPPARD SUBWAY,0,0
2017-12-16,11:58,Saturday,ISLINGTON STATION,0,5197
2017-12-16,11:59,Saturday,NORTH YORK CTR STATION,69,5621
2017-12-16,13:47,Saturday,QUEEN'S PARK STATION,0,5621
2017-12-16,13:57,Saturday,DUNDAS STATION,0,0
2017-12-16,14:31,Saturday,ISLINGTON STATION,4,5288
2017-12-16,14:45,Saturday,DUNDAS STATION,5,5491
2017-12-16,14:48,Saturday,DUPONT STATION,0,0
2017-12-16,14:58,Saturday,LESLIE STATION,0,5156
2017-12-16,15:21,Saturday,BLOOR STATION,0,0
2017-12-16,16:37,Saturday,YONGE BD STATION,0,0
2017-12-16,16:48,Saturday,RUNNYMEDE STATION,0,0
2017-12-16,18:00,Saturday,WILSON STATION,4,5491
2017-12-16,19:49,Saturday,OSSINGTON STATION,0,0
2017-12-16,20:05,Saturday,WARDEN STATION,0,5234
2017-12-16,20:48,Saturday,BLOOR STATION,0,0
2017-12-16,21:35,Saturday,WARDEN STATION,0,5197
2017-12-16,22:00,Saturday,YUS/BD/SHEPPARD SUBWAY,0,0
2017-12-16,22:29,Saturday,YONGE BD STATION,0,0
2017-12-17,00:02,Sunday,DOWNSVIEW PARK STATION,3,5616
2017-12-17,00:19,Sunday,LAWRENCE WEST STATION,0,6121
2017-12-17,00:41,Sunday,SHEPPARD WEST STATION,5,5891
2017-12-17,00:46,Sunday,CHRISTIE STATION,3,5306
2017-12-17,01:11,Sunday,SHEPPARD WEST STATION,0,5986
2017-12-17,02:00,Sunday,BLOOR DANFORTH SUBWAY,0,0
2017-12-17,02:00,Sunday,SCARBOROUGH RAPID TRAN,0,0
2017-12-17,02:00,Sunday,YONGE UNIVERSITY LINE,0,0
2017-12-17,02:07,Sunday,CHRISTIE STATION,0,0
2017-12-17,07:58,Sunday,LESLIE STATION,5,6156
2017-12-17,08:06,Sunday,LESLIE STATION,3,6181
2017-12-17,08:07,Sunday,EGLINTON STATION,3,5791
2017-12-17,08:10,Sunday,KENNEDY BD STATION,0,5356
2017-12-17,08:10,Sunday,LESLIE STATION,0,6196
2017-12-17,08:19,Sunday,LESLIE STATION,0,6161
2017-12-17,08:28,Sunday,KENNEDY BD STATION,0,5007
2017-12-17,08:33,Sunday,EGLINTON STATION,0,5746
2017-12-17,08:39,Sunday,KENNEDY BD STATION,0,5279
2017-12-17,08:40,Sunday,WARDEN STATION,0,5207
2017-12-17,08:58,Sunday,KIPLING STATION,4,5134
2017-12-17,09:33,Sunday,KIPLING STATION,0,5279
2017-12-17,10:28,Sunday,WOODBINE STATION,5,5207
2017-12-17,10:41,Sunday,FINCH STATION,0,5826
2017-12-17,11:00,Sunday,WOODBINE STATION,0,0
2017-12-17,11:07,Sunday,WOODBINE STATION,0,5250
2017-12-17,11:16,Sunday,KING STATION,0,5981
2017-12-17,11:34,Sunday,KENNEDY BD STATION,3,5066
2017-12-17,11:45,Sunday,SHEPPARD WEST STATION,3,5826
2017-12-17,11:45,Sunday,WARDEN STATION,5,5307
2017-12-17,12:01,Sunday,KIPLING STATION,0,0
2017-12-17,12:01,Sunday,WARDEN STATION,9,5160
2017-12-17,12:11,Sunday,ELLESMERE STATION,5,3023
2017-12-17,12:15,Sunday,VAUGHAN MC STATION,4,5821
2017-12-17,12:22,Sunday,QUEEN'S PARK STATION,0,0
2017-12-17,12:44,Sunday,HIGH PARK STATION,0,0
2017-12-17,12:57,Sunday,HIGHWAY 407 STATION,0,0
2017-12-17,14:06,Sunday,ST CLAIR WEST STATION,6,6106
2017-12-17,14:12,Sunday,DOWNSVIEW PARK STATION,12,5721
2017-12-17,14:47,Sunday,ROYAL YORK STATION,0,5208
2017-12-17,15:01,Sunday,PIONEER VILLAGE STATIO,0,5896
2017-12-17,15:58,Sunday,COLLEGE STATION,0,5936
2017-12-17,16:18,Sunday,DOWNSVIEW PARK STATION,0,5832
2017-12-17,16:22,Sunday,WOODBINE STATION,0,0
2017-12-17,16:50,Sunday,GREENWOOD STATION,0,5092
2017-12-17,16:56,Sunday,BROADVIEW STATION,0,0
2017-12-17,18:10,Sunday,KIPLING STATION,3,5177
2017-12-17,18:18,Sunday,QUEEN STATION,0,0
2017-12-17,18:26,Sunday,DUNDAS STATION,0,5501
2017-12-17,20:00,Sunday,ELLESMERE STATION,3,3027
2017-12-17,20:16,Sunday,YONGE BD STATION,5,5255
2017-12-17,20:42,Sunday,QUEEN'S PARK STATION,0,5211
2017-12-17,20:49,Sunday,SHEPPARD WEST STATION,8,5486
2017-12-17,20:54,Sunday,DOWNSVIEW PARK STATION,4,5381
2017-12-17,21:01,Sunday,BLOOR STATION,0,0
2017-12-17,21:43,Sunday,BROADVIEW STATION,0,0
2017-12-17,21:47,Sunday,CASTLE FRANK STATION,0,0
2017-12-17,21:52,Sunday,WILSON STATION,4,5936
2017-12-17,22:00,Sunday,YUS/BD/SHEPPARD SUBWAY,0,0
2017-12-17,23:12,Sunday,BLOOR DANFORTH SUBWAY,0,0
2017-12-17,23:20,Sunday,WILSON CAPITAL SHOP,0,0
2017-12-17,23:48,Sunday,SHEPPARD WEST PORTAL,8,5486
2017-12-18,00:28,Monday,BLOOR STATION,3,5506
2017-12-18,00:40,Monday,BLOOR STATION,5,5641
2017-12-18,01:48,Monday,KING STATION,0,0
2017-12-18,01:49,Monday,DON MILLS STATION,5,6181
2017-12-18,02:00,Monday,SCARBOROUGH RAPID TRAN,0,0
2017-12-18,03:00,Monday,YUS/BD/SHEPPARD SUBWAY,0,0
2017-12-18,05:51,Monday,VICTORIA PARK STATION,0,5208
2017-12-18,05:55,Monday,COXWELL STATION,0,5322
2017-12-18,06:02,Monday,ISLINGTON STATION,58,5172
2017-12-18,06:06,Monday,SHEPPARD STATION,0,5916
2017-12-18,06:09,Monday,VICTORIA PARK STATION,18,5264
2017-12-18,06:20,Monday,SHEPPARD WEST STATION,8,5826
2017-12-18,06:35,Monday,COXWELL STATION,0,5152
2017-12-18,06:44,Monday,FINCH STATION,0,0
2017-12-18,06:54,Monday,EGLINTON STATION,0,5976
2017-12-18,06:57,Monday,PIONEER VILLAGE STATIO,4,5486
2017-12-18,07:19,Monday,KEELE STATION,0,5219
2017-12-18,07:32,Monday,SHEPPARD WEST STATION,0,5906
2017-12-18,07:35,Monday,DOWNSVIEW PARK STATION,3,5911
2017-12-18,07:38,Monday,WILSON STATION,3,0
2017-12-18,07:58,Monday,EGLINTON WEST STATION,0,6041
2017-12-18,08:32,Monday,BLOOR STATION,4,5891
2017-12-18,08:32,Monday,MIDLAND STATION,0,3019
2017-12-18,08:51,Monday,KIPLING STATION,0,5219
2017-12-18,08:55,Monday,ST GEORGE BD STATION,3,5132
2017-12-18,08:58,Monday,EGLINTON STATION,0,0
2017-12-18,09:14,Monday,VICTORIA PARK STATION,0,5100
2017-12-18,09:18,Monday,VICTORIA PARK STATION,0,5208
2017-12-18,09:22,Monday,VICTORIA PARK STATION,0,5321
2017-12-18,09:45,Monday,KEELE STATION,0,5225
2017-12-18,10:18,Monday,JANE STATION,0,5366
2017-12-18,10:36,Monday,YONGE BD STATION,0,5233
2017-12-18,11:01,Monday,ROYAL YORK STATION,222,5248
2017-12-18,11:14,Monday,ST ANDREW STATION,0,5431
2017-12-18,11:50,Monday,YUS/BD/SHEPPARD SUBWAY,0,0
2017-12-18,12:01,Monday,EGLINTON STATION,4,5926
2017-12-18,12:10,Monday,OSSINGTON STATION,0,5366
2017-12-18,13:23,Monday,QUEEN'S PARK STATION,0,5661
2017-12-18,13:55,Monday,SCARB CTR STATION,0,3025
2017-12-18,14:03,Monday,KIPLING STATION,0,5007
2017-12-18,14:25,Monday,COXWELL STATION,3,5111
2017-12-18,14:45,Monday,DUNDAS WEST STATION,0,0
2017-12-18,14:48,Monday,YONGE SHP STATION,4,6196
2017-12-18,14:59,Monday,KENNEDY BD STATION,0,5317
2017-12-18,15:17,Monday,WILSON HOSTLER,0,5721
2017-12-18,15:26,Monday,MAIN STREET STATION,0,0
2017-12-18,15:35,Monday,YONGE BD STATION,4,5366
2017-12-18,15:59,Monday,BAY STATION,0,0
2017-12-18,16:43,Monday,CASTLE FRANK STATION,0,0
2017-12-18,16:47,Monday,COXWELL STATION,0,5067
2017-12-18,16:57,Monday,ISLINGTON STATION,0,0
2017-12-18,17:04,Monday,COLLEGE STATION,4,5511
2017-12-18,17:07,Monday,SCARB CTR STATION,0,3027
2017-12-18,17:14,Monday,SHEPPARD WEST STATION,3,5936
2017-12-18,17:22,Monday,UNION STATION,0,0
2017-12-18,17:46,Monday,BAY STATION,0,0
2017-12-18,17:56,Monday,HIGHWAY 407 STATION,11,5551
2017-12-18,18:06,Monday,DUFFERIN STATION,4,5353
2017-12-18,18:17,Monday,DAVISVILLE STATION,5,5546
2017-12-18,18:25,Monday,CHRISTIE STATION,0,5108
2017-12-18,18:32,Monday,DUNDAS STATION,0,0
2017-12-18,18:45,Monday,DAVISVILLE STATION,3,6111
2017-12-18,18:55,Monday,SHEPPARD WEST STATION,12,5671
2017-12-18,19:40,Monday,ROYAL YORK STATION,3,5305
2017-12-18,19:50,Monday,VAUGHAN MC STATION,3,5646
2017-12-18,20:08,Monday,WILSON STATION,4,6121
2017-12-18,20:18,Monday,GREENWOOD STATION,0,5039
2017-12-18,20:37,Monday,KENNEDY BD STATION,0,5353
2017-12-18,20:58,Monday,LANSDOWNE STATION,0,5027
2017-12-18,21:01,Monday,WOODBINE STATION,0,5245
2017-12-18,21:30,Monday,WARDEN STATION,0,5027
2017-12-18,22:00,Monday,YUS/BD/SHEPPARD SUBWAY,0,0
2017-12-18,22:04,Monday,LANSDOWNE STATION,0,0
2017-12-18,22:57,Monday,BATHURST STATION,0,5027
2017-12-18,23:15,Monday,YONGE UNIVERSITY LINE,0,0
2017-12-18,23:33,Monday,VAUGHAN MC STATION,0,5891
2017-12-18,23:46,Monday,BLOOR DANFORTH SUBWAY,0,0
2017-12-18,23:51,Monday,ISLINGTON STATION,0,5106
2017-12-19,01:10,Tuesday,SHEPPARD WEST STATION,0,6111
2017-12-19,01:13,Tuesday,COLLEGE STATION,3,6041
2017-12-19,01:18,Tuesday,BROADVIEW STATION,0,5353
2017-12-19,01:57,Tuesday,BLOOR STATION,0,0
2017-12-19,05:17,Tuesday,YONGE BD STATION,0,0
2017-12-19,06:04,Tuesday,KEELE STATION,5,5106
2017-12-19,06:15,Tuesday,GREENWOOD STATION,0,5354
2017-12-19,06:23,Tuesday,KENNEDY BD STATION,0,5140
2017-12-19,06:34,Tuesday,FINCH STATION,0,5541
2017-12-19,06:39,Tuesday,KENNEDY BD STATION,0,5256
2017-12-19,06:53,Tuesday,KENNEDY BD STATION,0,5279
2017-12-19,07:30,Tuesday,KENNEDY BD STATION,0,5151
2017-12-19,07:36,Tuesday,KENNEDY BD STATION,0,5297
2017-12-19,07:43,Tuesday,KENNEDY BD STATION,0,5290
2017-12-19,08:05,Tuesday,FINCH STATION,0,0
2017-12-19,08:08,Tuesday,KENNEDY BD STATION,0,5140
2017-12-19,08:14,Tuesday,YORK MILLS STATION,3,5646
2017-12-19,08:17,Tuesday,BAY STATION,0,0
2017-12-19,08:26,Tuesday,EGLINTON STATION,0,5836
2017-12-19,08:28,Tuesday,KEELE STATION,0,5266
2017-12-19,08:43,Tuesday,EGLINTON STATION,0,0
2017-12-19,08:57,Tuesday,PIONEER VILLAGE STATIO,0,5751
2017-12-19,09:26,Tuesday,ST ANDREW STATION,11,5701
2017-12-19,10:42,Tuesday,LAWRENCE STATION,0,1818
2017-12-19,10:55,Tuesday,WOODBINE STATION,0,5132
2017-12-19,11:40,Tuesday,YUS/BD/SHEPPARD SUBWAY,0,0
2017-12-19,11:56,Tuesday,VICTORIA PARK STATION,0,5351
2017-12-19,12:14,Tuesday,YONGE BD STATION,0,0
2017-12-19,13:39,Tuesday,VICTORIA PARK STATION,0,0
2017-12-19,14:20,Tuesday,FINCH STATION,3,5126
2017-12-19,15:28,Tuesday,SHEPPARD WEST STATION,3,5481
2017-12-19,16:31,Tuesday,QUEEN STATION,0,5526
2017-12-19,16:59,Tuesday,DAVISVILLE STATION,0,5736
2017-12-19,16:59,Tuesday,SCARB CTR STATION,0,0
2017-12-19,17:19,Tuesday,VICTORIA PARK STATION,4,5140
2017-12-19,17:23,Tuesday,CHESTER STATION,10,5219
2017-12-19,17:25,Tuesday,COXWELL STATION,9,5140
2017-12-19,17:25,Tuesday,ST GEORGE BD STATION,5,5330
2017-12-19,17:32,Tuesday,BLOOR STATION,0,0
2017-12-19,17:49,Tuesday,LAWRENCE STATION,3,5511
2017-12-19,18:10,Tuesday,ST ANDREW STATION,4,5926
2017-12-19,18:11,Tuesday,LANSDOWNE STATION,3,5250
2017-12-19,18:12,Tuesday,KENNEDY BD STATION,0,5094
2017-12-19,18:36,Tuesday,BAY STATION,0,5305
2017-12-19,18:41,Tuesday,LAWRENCE STATION,0,5891
2017-12-19,19:07,Tuesday,YORKDALE STATION,0,5616
2017-12-19,19:38,Tuesday,KENNEDY BD STATION,0,5366
2017-12-19,20:03,Tuesday,ISLINGTON STATION,0,5194
2017-12-19,20:15,Tuesday,DUNDAS STATION,7,5571
2017-12-19,20:16,Tuesday,WILSON STATION,4,5831
2017-12-19,20:30,Tuesday,WILSON STATION,5,5811
2017-12-19,20:36,Tuesday,KIPLING STATION,0,0
2017-12-19,21:10,Tuesday,RUNNYMEDE STATION,0,5307
2017-12-19,21:15,Tuesday,SHEPPARD WEST STATION,5,5911
2017-12-19,21:50,Tuesday,YORKDALE STATION,0,5616
2017-12-19,22:00,Tuesday,YUS/BD/SHEPPARD SUBWAY,0,0
2017-12-19,22:05,Tuesday,FINCH STATION,3,5726
2017-12-19,22:46,Tuesday,HIGHWAY 407 STATION,0,6111
2017-12-19,22:54,Tuesday,SPADINA BD STATION,0,0
2017-12-19,23:05,Tuesday,ST CLAIR WEST STATION,0,5916
2017-12-19,23:32,Tuesday,BLOOR DANFORTH SUBWAY,0,0
2017-12-19,23:51,Tuesday,SHEPPARD WEST STATION,0,5791
2017-12-20,00:08,Wednesday,DUNDAS WEST STATION,5,5246
2017-12-20,00:16,Wednesday,YORKDALE STATION,0,5761
2017-12-20,01:37,Wednesday,DUPONT STATION,0,5886
2017-12-20,02:08,Wednesday,KIPLING STATION,0,0
2017-12-20,06:17,Wednesday,WILSON YARD,10,5506
2017-12-20,06:19,Wednesday,KENNEDY BD STATION,4,5156
2017-12-20,06:35,Wednesday,WILSON STATION,0,5761
2017-12-20,06:39,Wednesday,KENNEDY BD STATION,0,5297
2017-12-20,06:51,Wednesday,KEELE STATION,0,5194
2017-12-20,06:53,Wednesday,VICTORIA PARK STATION,0,5180
2017-12-20,06:54,Wednesday,DUNDAS WEST STATION,0,5194
2017-12-20,07:00,Wednesday,OSSINGTON STATION,0,5194
2017-12-20,07:44,Wednesday,EGLINTON STATION,4,5691
2017-12-20,08:13,Wednesday,JANE STATION,0,5246
2017-12-20,09:24,Wednesday,VAUGHAN MC STATION,0,5501
2017-12-20,10:19,Wednesday,CASTLE FRANK STATION,3,5227
2017-12-20,10:39,Wednesday,VAUGHAN MC STATION,11,5746
2017-12-20,10:41,Wednesday,DONLANDS STATION,0,0
2017-12-20,10:58,Wednesday,BLOOR STATION,0,5925
2017-12-20,11:14,Wednesday,KENNEDY BD STATION,0,5092
2017-12-20,11:20,Wednesday,DON MILLS STATION,0,6161
2017-12-20,11:36,Wednesday,DAVISVILLE STATION,16,5411
2017-12-20,11:43,Wednesday,SHEPPARD WEST STATION,7,5686
2017-12-20,13:11,Wednesday,YORKDALE STATION,0,0
2017-12-20,13:20,Wednesday,SHEPPARD WEST STATION,0,5766
2017-12-20,13:22,Wednesday,DON MILLS STATION,0,6191
2017-12-20,13:59,Wednesday,ST GEORGE YUS STATION,0,5656
2017-12-20,14:18,Wednesday,MAIN STREET STATION,14,5259
2017-12-20,14:38,Wednesday,DONLANDS STATION,3,5214
2017-12-20,14:54,Wednesday,DUNDAS WEST STATION,0,0
2017-12-20,15:14,Wednesday,VAUGHAN MC STATION,3,5896
2017-12-20,16:17,Wednesday,YORK MILLS STATION,0,5696
2017-12-20,16:55,Wednesday,MAIN STREET STATION,0,5092
2017-12-20,16:59,Wednesday,VAUGHAN MC STATION,3,5612
2017-12-20,17:00,Wednesday,HIGH PARK STATION,5,5358
2017-12-20,17:07,Wednesday,OSSINGTON STATION,0,0
2017-12-20,17:31,Wednesday,CASTLE FRANK STATION,0,5183
2017-12-20,17:31,Wednesday,OSGOODE STATION,5,6091
2017-12-20,18:35,Wednesday,COLLEGE STATION,4,5916
2017-12-20,18:54,Wednesday,KENNEDY BD STATION,0,0
2017-12-20,18:57,Wednesday,LAWRENCE WEST STATION,5,5686
2017-12-20,19:03,Wednesday,YONGE BD STATION,0,0
2017-12-20,19:16,Wednesday,YONGE BD STATION,5,5281
2017-12-20,19:21,Wednesday,ST PATRICK STATION,5,6066
2017-12-20,19:22,Wednesday,VICTORIA PARK STATION,0,0
2017-12-20,20:24,Wednesday,OSSINGTON STATION,3,5171
2017-12-20,20:28,Wednesday,YORKDALE STATION,0,5406
2017-12-20,21:30,Wednesday,EGLINTON STATION,4,5546
2017-12-20,22:00,Wednesday,YUS/BD/SHEPPARD SUBWAY,0,0
2017-12-20,23:35,Wednesday,LAWRENCE STATION,5,5746
2017-12-20,23:53,Wednesday,SPADINA YUS STATION,29,5461
2017-12-21,00:06,Thursday,CHRISTIE STATION,5,5314
2017-12-21,00:11,Thursday,COXWELL STATION,8,5188
2017-12-21,00:19,Thursday,ST CLAIR WEST STATION,0,5681
2017-12-21,00:23,Thursday,MIDLAND STATION,8,3000
2017-12-21,00:31,Thursday,CHRISTIE STATION,3,5219
2017-12-21,00:32,Thursday,GLENCAIRN STATION,0,0
2017-12-21,01:03,Thursday,KENNEDY BD STATION,0,5152
2017-12-21,01:08,Thursday,FINCH STATION,0,5421
2017-12-21,01:33,Thursday,VAUGHAN MC STATION,0,0
2017-12-21,01:52,Thursday,WILSON STATION,14,5821
2017-12-21,05:57,Thursday,COXWELL STATION,0,5105
2017-12-21,06:00,Thursday,MCCOWAN STATION,5,3000
2017-12-21,06:08,Thursday,MIDLAND STATION,3,3017
2017-12-21,06:30,Thursday,SCARB CTR STATION,0,3022
2017-12-21,06:33,Thursday,KIPLING STATION,5,5065
2017-12-21,06:35,Thursday,BATHURST STATION,0,5041
2017-12-21,06:44,Thursday,KENNEDY BD STATION,0,5305
2017-12-21,06:51,Thursday,OLD MILL STATION,0,5255
2017-12-21,07:02,Thursday,SHEPPARD WEST STATION,0,5766
2017-12-21,07:28,Thursday,MCCOWAN STATION,5,3010
2017-12-21,07:50,Thursday,ST CLAIR WEST STATION,0,5651
2017-12-21,08:32,Thursday,ROYAL YORK STATION,0,5180
2017-12-21,08:39,Thursday,SHEPPARD STATION,0,0
2017-12-21,08:40,Thursday,YORK MILLS STATION,0,6111
2017-12-21,10:30,Thursday,VAUGHAN MC STATION,0,0
2017-12-21,11:36,Thursday,CHRISTIE STATION,8,5178
2017-12-21,11:44,Thursday,EGLINTON STATION,4,5456
2017-12-21,11:50,Thursday,YUS/BD/SHEPPARD SUBWAY,0,0
2017-12-21,11:52,Thursday,DUNDAS STATION,0,5981
2017-12-21,12:23,Thursday,KIPLING STATION,0,5279
2017-12-21,12:24,Thursday,OLD MILL STATION,0,0
2017-12-21,12:43,Thursday,BAY STATION,0,0
2017-12-21,13:11,Thursday,GLENCAIRN STATION,0,5456
2017-12-21,13:45,Thursday,EGLINTON STATION,0,0
2017-12-21,13:50,Thursday,COXWELL STATION,0,5341
2017-12-21,13:51,Thursday,BROADVIEW STATION,0,0
2017-12-21,13:53,Thursday,SUMMERHILL STATION,0,0
2017-12-21,14:17,Thursday,ISLINGTON STATION,0,5241
2017-12-21,15:00,Thursday,BLOOR DANFORTH SUBWAY,0,0
2017-12-21,15:00,Thursday,YUS/BD/SHEPPARD SUBWAY,0,0
2017-12-21,15:03,Thursday,OLD MILL STATION,0,0
2017-12-21,15:23,Thursday,QUEEN STATION,0,0
2017-12-21,15:37,Thursday,SHEPPARD STATION,0,5696
2017-12-21,15:51,Thursday,OSSINGTON STATION,0,5036
2017-12-21,15:54,Thursday,WOODBINE STATION,0,5352
2017-12-21,16:18,Thursday,KENNEDY SRT STATION,0,0
2017-12-21,16:31,Thursday,EGLINTON WEST STATION,10,5846
2017-12-21,16:31,Thursday,VAUGHAN MC STATION,0,0
2017-12-21,16:38,Thursday,VICTORIA PARK STATION,85,5261
2017-12-21,16:55,Thursday,DON MILLS STATION,0,0
2017-12-21,16:55,Thursday,WILSON STATION,3,5946
2017-12-21,17:00,Thursday,EGLINTON STATION,0,6001
2017-12-21,17:05,Thursday,ST PATRICK STATION,0,5866
2017-12-21,17:16,Thursday,WILSON STATION,3,5461
2017-12-21,17:30,Thursday,WOODBINE STATION,0,0
2017-12-21,17:54,Thursday,DAVISVILLE STATION,0,5631
2017-12-21,18:04,Thursday,HIGH PARK STATION,0,0
2017-12-21,18:14,Thursday,LAWRENCE EAST STATION,0,0
2017-12-21,18:16,Thursday,VAUGHAN MC STATION,3,5451
2017-12-21,18:50,Thursday,BAY STATION,0,5006
2017-12-21,18:56,Thursday,QUEEN'S PARK STATION,6,5676
2017-12-21,19:01,Thursday,ST PATRICK STATION,0,5411
2017-12-21,19:06,Thursday,DAVISVILLE STATION,0,5436
2017-12-21,19:43,Thursday,EGLINTON STATION,0,0
2017-12-21,20:25,Thursday,FINCH STATION,3,5576
2017-12-21,20:27,Thursday,GLENCAIRN STATION,3,5466
2017-12-21,21:52,Thursday,RUNNYMEDE STATION,0,5022
2017-12-21,22:00,Thursday,YUS/BD/SHEPPARD SUBWAY,0,0
2017-12-21,22:09,Thursday,YONGE SHP STATION,0,6151
2017-12-21,22:45,Thursday,YONGE UNIVERSITY LINE,0,0
2017-12-21,23:15,Thursday,HIGH PARK STATION,0,0
2017-12-21,23:41,Thursday,KENNEDY SRT STATION,0,0
2017-12-21,23:54,Thursday,CHRISTIE STATION,0,5336
2017-12-21,23:55,Thursday,SHEPPARD WEST STATION,4,5926
2017-12-22,01:46,Friday,KENNEDY BD STATION,0,5214
2017-12-22,01:49,Friday,ROYAL YORK STATION,0,5289
2017-12-22,02:00,Friday,SCARBOROUGH RAPID TRAN,0,3012
2017-12-22,03:00,Friday,YUS/BD/SHEPPARD SUBWAY,0,0
2017-12-22,05:42,Friday,KIPLING STATION,0,5010
2017-12-22,05:50,Friday,VAUGHAN MC STATION,18,6031
2017-12-22,05:53,Friday,ST GEORGE YUS STATION,3,0
2017-12-22,06:03,Friday,MCCOWAN STATION,5,3018
2017-12-22,06:51,Friday,SUMMERHILL STATION,9,5686
2017-12-22,07:02,Friday,FINCH STATION,0,5766
2017-12-22,07:25,Friday,GREENWOOD STATION,0,5332
2017-12-22,07:45,Friday,KIPLING STATION,0,5194
2017-12-22,08:05,Friday,SCARB CTR STATION,5,3007
2017-12-22,08:32,Friday,KIPLING STATION,0,5332
2017-12-22,08:52,Friday,SHEPPARD STATION,0,5091
2017-12-22,08:58,Friday,OLD MILL STATION,0,5015
2017-12-22,09:26,Friday,WELLESLEY STATION,0,0
2017-12-22,09:32,Friday,CHRISTIE STATION,0,5336
2017-12-22,09:58,Friday,BATHURST STATION,0,5312
2017-12-22,09:59,Friday,LAWRENCE EAST STATION,11,3011
2017-12-22,10:04,Friday,LAWRENCE STATION,5,5636
2017-12-22,10:27,Friday,KING STATION,0,6046
2017-12-22,10:37,Friday,SPADINA BD STATION,0,5321
2017-12-22,10:40,Friday,YORKDALE STATION,0,5836
2017-12-22,10:48,Friday,BAY STATION,7,5332
2017-12-22,11:00,Friday,KENNEDY BD STATION,6,5255
2017-12-22,11:08,Friday,WARDEN STATION,0,5286
2017-12-22,11:32,Friday,ELLESMERE STATION,4,3012
2017-12-22,12:14,Friday,EGLINTON STATION,0,5916
2017-12-22,12:20,Friday,SHEPPARD WEST STATION,4,5981
2017-12-22,13:21,Friday,SHEPPARD WEST STATION,12,5386
2017-12-22,14:20,Friday,FINCH STATION,3,5991
2017-12-22,14:25,Friday,COLLEGE STATION,3,6111
2017-12-22,14:33,Friday,FINCH STATION,0,5831
2017-12-22,14:41,Friday,WILSON STATION,9,5541
2017-12-22,15:00,Friday,SHEPPARD WEST STATION,9,5601
2017-12-22,15:03,Friday,EGLINTON WEST STATION,7,5881
2017-12-22,15:10,Friday,LAWRENCE WEST STATION,7,6046
2017-12-22,15:20,Friday,WILSON YARD,3,6001
2017-12-22,15:54,Friday,FINCH WEST STATION,0,0
2017-12-22,16:16,Friday,OLD MILL STATION,0,5034
2017-12-22,16:24,Friday,WILSON STATION,3,5946
2017-12-22,16:34,Friday,SHEPPARD WEST STATION,3,5691
2017-12-22,16:41,Friday,OSSINGTON STATION,5,5091
2017-12-22,16:55,Friday,ST GEORGE YUS STATION,0,0
2017-12-22,17:01,Friday,YONGE BD STATION,0,0
2017-12-22,17:13,Friday,OSSINGTON STATION,0,0
2017-12-22,17:51,Friday,ROYAL YORK STATION,5,5289
2017-12-22,18:09,Friday,COXWELL STATION,0,5248
2017-12-22,18:14,Friday,WILSON STATION,0,5416
2017-12-22,18:15,Friday,RUNNYMEDE STATION,0,0
2017-12-22,18:35,Friday,ST CLAIR STATION,0,0
2017-12-22,18:55,Friday,KIPLING STATION,0,0
2017-12-22,19:01,Friday,KEELE STATION,0,0
2017-12-22,19:01,Friday,KENNEDY BD STATION,0,5169
2017-12-22,19:16,Friday,ST GEORGE BD STATION,3,5006
2017-12-22,19:29,Friday,VICTORIA PARK STATION,0,5111
2017-12-22,19:50,Friday,YORKDALE STATION,0,5586
2017-12-22,20:04,Friday,ST GEORGE BD STATION,6,5050
2017-12-22,20:20,Friday,SHEPPARD STATION,0,5621
2017-12-22,21:01,Friday,ST GEORGE BD STATION,5,5368
2017-12-22,21:04,Friday,DUNDAS WEST STATION,0,0
2017-12-22,21:07,Friday,QUEEN STATION,0,5651
2017-12-22,21:08,Friday,KEELE STATION,0,5137
2017-12-22,21:30,Friday,MAIN STREET STATION,0,0
2017-12-22,22:00,Friday,YUS/BD/SHEPPARD SUBWAY,0,0
2017-12-22,22:37,Friday,QUEEN'S PARK STATION,0,0
2017-12-22,22:41,Friday,FINCH WEST STATION,5,5956
2017-12-22,23:01,Friday,YONGE UNIVERSITY LINE,0,0
2017-12-22,23:09,Friday,BATHURST STATION,34,5156
2017-12-23,00:07,Saturday,COLLEGE STATION,7,5616
2017-12-23,00:28,Saturday,ST PATRICK STATION,0,0
2017-12-23,00:40,Saturday,GREENWOOD STATION,0,5274
2017-12-23,00:43,Saturday,KIPLING STATION,0,5220
2017-12-23,02:00,Saturday,BLOOR DANFORTH SUBWAY,0,0
2017-12-23,02:00,Saturday,MCCOWAN STATION,0,3016
2017-12-23,02:13,Saturday,FINCH STATION,0,0
2017-12-23,06:17,Saturday,OLD MILL STATION,3,5015
2017-12-23,06:52,Saturday,KENNEDY BD STATION,0,5225
2017-12-23,07:38,Saturday,KENNEDY BD STATION,0,0
2017-12-23,07:54,Saturday,EGLINTON WEST STATION,0,5666
2017-12-23,07:55,Saturday,LAWRENCE EAST STATION,3,3015
2017-12-23,07:55,Saturday,ST GEORGE BD STATION,12,5358
2017-12-23,08:56,Saturday,OLD MILL STATION,0,5255
2017-12-23,09:56,Saturday,KIPLING STATION,0,5358
2017-12-23,10:12,Saturday,KEELE STATION,0,5294
2017-12-23,11:00,Saturday,BLOOR DANFORTH SUBWAY,0,0
2017-12-23,11:13,Saturday,MAIN STREET STATION,0,5225
2017-12-23,11:20,Saturday,OSSINGTON STATION,3,5294
2017-12-23,11:29,Saturday,OLD MILL STATION,0,5015
2017-12-23,11:40,Saturday,KIPLING STATION,0,5358
2017-12-23,11:46,Saturday,YUS/BD/SHEPPARD SUBWAY,0,0
2017-12-23,11:58,Saturday,PAPE STATION,0,5087
2017-12-23,12:17,Saturday,WOODBINE STATION,0,5274
2017-12-23,12:47,Saturday,WILSON STATION,0,5386
2017-12-23,12:48,Saturday,ST CLAIR STATION,0,5941
2017-12-23,13:16,Saturday,JANE STATION,0,5358
2017-12-23,13:58,Saturday,WILSON STATION,4,5621
2017-12-23,15:30,Saturday,COLLEGE STATION,0,0
2017-12-23,17:09,Saturday,DUFFERIN STATION,12,5220
2017-12-23,17:12,Saturday,LAWRENCE STATION,0,6091
2017-12-23,17:31,Saturday,BLOOR STATION,0,5136
2017-12-23,17:31,Saturday,OLD MILL STATION,5,5134
2017-12-23,17:44,Saturday,DUNDAS STATION,0,0
2017-12-23,17:50,Saturday,YONGE UNIVERSITY LINE,0,0
2017-12-23,18:01,Saturday,OLD MILL STATION,0,5255
2017-12-23,18:32,Saturday,GREENWOOD STATION,0,5276
2017-12-23,19:02,Saturday,LAWRENCE WEST STATION,4,5401
2017-12-23,19:06,Saturday,BLOOR STATION,11,5776
2017-12-23,19:09,Saturday,ST CLAIR WEST STATION,5,5596
2017-12-23,19:30,Saturday,ELLESMERE STATION,4,3023
2017-12-23,19:36,Saturday,YONGE BD STATION,0,5122
2017-12-23,19:41,Saturday,WOODBINE STATION,16,5186
2017-12-23,20:17,Saturday,OLD MILL STATION,0,5015
2017-12-23,20:18,Saturday,MCCOWAN STATION,20,3007
2017-12-23,20:48,Saturday,DUNDAS STATION,3,5486
2017-12-23,20:57,Saturday,KIPLING STATION,0,5371
2017-12-23,20:58,Saturday,GREENWOOD STATION,0,5087
2017-12-23,21:14,Saturday,WARDEN STATION,3,5159
2017-12-23,21:24,Saturday,MCCOWAN STATION,7,0
2017-12-23,21:44,Saturday,EGLINTON STATION,0,0
2017-12-23,21:44,Saturday,UNION STATION,0,0
2017-12-23,21:49,Saturday,BLOOR STATION,4,5956
2017-12-23,22:00,Saturday,YUS/BD/SHEPPARD SUBWAY,0,0
2017-12-23,22:09,Saturday,OLD MILL STATION,0,5015
2017-12-23,23:01,Saturday,SHEPPARD WEST STATION,5,5996
2017-12-23,23:50,Saturday,LANSDOWNE STATION,0,0
2017-12-24,00:00,Sunday,SPADINA YUS STATION,0,5916
2017-12-24,00:25,Sunday,LAWRENCE STATION,0,5896
2017-12-24,00:33,Sunday,MAIN STREET STATION,0,5321
2017-12-24,08:01,Sunday,KIPLING STATION,0,5220
2017-12-24,08:04,Sunday,GREENWOOD YARD,0,5096
2017-12-24,08:10,Sunday,KENNEDY BD STATION,0,5321
2017-12-24,08:55,Sunday,FINCH STATION,0,5486
2017-12-24,10:25,Sunday,EGLINTON STATION,0,5691
2017-12-24,10:47,Sunday,JANE STATION,0,5219
2017-12-24,11:20,Sunday,VAUGHAN MC STATION,4,5741
2017-12-24,11:40,Sunday,LEAVING YONGE-SHEPPARD,0,6166
2017-12-24,11:44,Sunday,ST GEORGE BD STATION,0,5096
2017-12-24,11:45,Sunday,FINCH STATION,0,0
2017-12-24,11:49,Sunday,KIPLING STATION,0,5100
2017-12-24,12:57,Sunday,BLOOR STATION,0,0
2017-12-24,13:12,Sunday,WARDEN STATION,0,5096
2017-12-24,13:16,Sunday,FINCH STATION,0,6056
2017-12-24,13:34,Sunday,ST GEORGE BD STATION,0,5096
2017-12-24,13:47,Sunday,KEELE STATION,0,5096
2017-12-24,14:15,Sunday,BROADVIEW STATION,0,5371
2017-12-24,14:40,Sunday,SCARBOROUGH RAPID TRAN,0,3005
2017-12-24,14:44,Sunday,YONGE UNIVERSITY LINE,0,6046
2017-12-24,14:51,Sunday,BLOOR DANFORTH SUBWAY,0,5089
2017-12-24,14:55,Sunday,BATHURST STATION,0,5169
2017-12-24,15:13,Sunday,FINCH WEST STATION,0,0
2017-12-24,15:29,Sunday,BATHURST STATION,0,5006
2017-12-24,15:45,Sunday,EGLINTON STATION,12,5656
2017-12-24,15:56,Sunday,LAWRENCE STATION,0,6106
2017-12-24,16:04,Sunday,WARDEN STATION,0,5257
2017-12-24,17:45,Sunday,KENNEDY BD STATION,0,0
2017-12-24,18:43,Sunday,ST GEORGE YUS STATION,23,5921
2017-12-24,18:45,Sunday,ST GEORGE BD STATION,4,5266
2017-12-24,19:22,Sunday,ST CLAIR WEST STATION,15,5646
2017-12-24,19:32,Sunday,MAIN STREET STATION,0,5255
2017-12-24,19:59,Sunday,DUNDAS WEST STATION,30,5289
2017-12-24,19:59,Sunday,KENNEDY SRT STATION,11,3001
2017-12-24,20:15,Sunday,BLOOR STATION,6,5821
2017-12-24,20:38,Sunday,FINCH STATION,5,6011
2017-12-24,21:15,Sunday,DON MILLS STATION,0,6156
2017-12-24,22:00,Sunday,YUS/BD/SHEPPARD SUBWAY,0,0
2017-12-24,22:03,Sunday,BAY STATION,17,5251
2017-12-24,22:29,Sunday,MAIN STREET STATION,0,5006
2017-12-24,22:30,Sunday,YONGE UNIVERSITY LINE,0,0
2017-12-24,22:55,Sunday,MAIN STREET STATION,0,5140
2017-12-24,23:23,Sunday,VAUGHAN MC STATION,0,0
2017-12-24,23:33,Sunday,DAVISVILLE STATION,12,5566
2017-12-24,23:40,Sunday,BLOOR DANFORTH SUBWAY,0,0
2017-12-25,00:01,Monday,OSSINGTON STATION,0,5291
2017-12-25,01:14,Monday,WARDEN STATION,0,0
2017-12-25,01:40,Monday,DAVISVILLE STATION,0,5581
2017-12-25,02:00,Monday,BLOOR DANFORTH SUBWAY,0,0
2017-12-25,02:00,Monday,YUS/BD/SHEPPARD SUBWAY,0,0
2017-12-25,02:04,Monday,KEELE YARD,0,5100
2017-12-25,03:42,Monday,SCARBOROUGH RAPID TRAN,0,0
2017-12-25,08:15,Monday,FINCH STATION,0,6126
2017-12-25,08:30,Monday,KENNEDY BD STATION,4,5219
2017-12-25,09:11,Monday,VICTORIA PARK STATION,0,5100
2017-12-25,09:13,Monday,MAIN STREET STATION,0,5089
2017-12-25,09:38,Monday,WARDEN STATION,0,5312
2017-12-25,09:42,Monday,GREENWOOD STATION,4,2574
2017-12-25,09:43,Monday,FINCH STATION,0,5626
2017-12-25,09:45,Monday,GLENCAIRN STATION,0,0
2017-12-25,09:46,Monday,MAIN STREET STATION,0,5039
2017-12-25,09:50,Monday,WARDEN STATION,3,5352
2017-12-25,10:01,Monday,SHEPPARD WEST STATION,0,5751
2017-12-25,10:17,Monday,MAIN STREET STATION,3,5140
2017-12-25,10:25,Monday,BLOOR DANFORTH SUBWAY,0,0
2017-12-25,10:46,Monday,DAVISVILLE STATION,3,6091
2017-12-25,10:53,Monday,CHESTER STATION,0,5046
2017-12-25,11:07,Monday,WILSON STATION,0,5861
2017-12-25,11:28,Monday,VICTORIA PARK STATION,0,5312
2017-12-25,11:47,Monday,KENNEDY BD STATION,0,5128
2017-12-25,11:47,Monday,VICTORIA PARK STATION,0,5361
2017-12-25,11:54,Monday,VICTORIA PARK STATION,0,5128
2017-12-25,14:22,Monday,COXWELL STATION,0,0
2017-12-25,14:36,Monday,WOODBINE STATION,3,5089
2017-12-25,15:01,Monday,VICTORIA PARK STATION,3,5312
2017-12-25,16:34,Monday,MIDLAND STATION,0,3004
2017-12-25,16:41,Monday,DUNDAS WEST STATION,0,0
2017-12-25,16:58,Monday,YORK UNIVERSITY STATIO,17,5645
2017-12-25,17:22,Monday,KENNEDY BD STATION,0,0
2017-12-25,17:27,Monday,LAWRENCE EAST STATION,0,0
2017-12-25,17:43,Monday,YONGE BD STATION,0,0
2017-12-25,18:58,Monday,MCCOWAN STATION,0,3020
2017-12-25,19:51,Monday,KIPLING STATION,5,5061
2017-12-25,21:50,Monday,YONGE UNIVERSITY LINE,0,0
2017-12-25,22:00,Monday,YUS/BD/SHEPPARD SUBWAY,0,0
2017-12-25,22:14,Monday,MAIN STREET STATION,0,5169
2017-12-25,23:03,Monday,DAVISVILLE STATION,5,5561
2017-12-25,23:04,Monday,BESSARION STATION,7,6156
2017-12-25,23:44,Monday,LANSDOWNE STATION,12,5061
2017-12-26,00:53,Tuesday,WILSON STATION,5,5831
2017-12-26,01:18,Tuesday,KENNEDY SRT STATION,3,3019
2017-12-26,01:46,Tuesday,PAPE STATION,0,5314
2017-12-26,02:00,Tuesday,KEELE YARD,0,5022
2017-12-26,05:35,Tuesday,EGLINTON WEST STATION,0,0
2017-12-26,05:40,Tuesday,QUEEN'S PARK STATION,0,0
2017-12-26,05:53,Tuesday,SHEPPARD WEST STATION,5,5996
2017-12-26,06:04,Tuesday,LAWRENCE STATION,4,5856
2017-12-26,06:14,Tuesday,MAIN STREET STATION,0,5000
2017-12-26,06:32,Tuesday,VICTORIA PARK STATION,0,5089
2017-12-26,07:06,Tuesday,UNION STATION,5,5916
2017-12-26,08:22,Tuesday,KIPLING STATION,0,5122
2017-12-26,08:49,Tuesday,DAVISVILLE STATION,4,5621
2017-12-26,09:09,Tuesday,GREENWOOD STATION,17,5352
2017-12-26,09:23,Tuesday,KENNEDY BD STATION,0,5321
2017-12-26,09:47,Tuesday,BAYVIEW STATION,0,6141
2017-12-26,10:34,Tuesday,DUPONT STATION,0,5666
2017-12-26,10:37,Tuesday,DOWNSVIEW PARK STATION,0,0
2017-12-26,11:04,Tuesday,ST PATRICK STATION,0,5611
2017-12-26,11:14,Tuesday,YUS/BD/SHEPPARD SUBWAY,0,0
2017-12-26,11:23,Tuesday,BAYVIEW STATION,0,6161
2017-12-26,12:07,Tuesday,WOODBINE STATION,0,0
2017-12-26,12:50,Tuesday,SCARB CTR STATION,5,3024
2017-12-26,13:26,Tuesday,DUNDAS STATION,5,5821
2017-12-26,13:39,Tuesday,KEELE STATION,0,5092
2017-12-26,14:07,Tuesday,FINCH WEST STATION,7,5721
2017-12-26,14:11,Tuesday,OLD MILL STATION,3,5005
2017-12-26,14:14,Tuesday,ISLINGTON STATION,0,5257
2017-12-26,15:31,Tuesday,KENNEDY BD STATION,0,0
2017-12-26,15:45,Tuesday,EGLINTON STATION,4,5941
2017-12-26,16:12,Tuesday,ISLINGTON STATION,0,5299
2017-12-26,17:10,Tuesday,DAVISVILLE STATION,0,5416
2017-12-26,17:14,Tuesday,BLOOR STATION,3,6046
2017-12-26,17:33,Tuesday,ST CLAIR WEST STATION,0,5106
2017-12-26,17:39,Tuesday,DONLANDS STATION,0,0
2017-12-26,18:15,Tuesday,GLENCAIRN STATION,0,5746
2017-12-26,18:47,Tuesday,KENNEDY SRT STATION,47,6004
2017-12-26,19:41,Tuesday,YORKDALE STATION,7,5581
2017-12-26,19:54,Tuesday,EGLINTON WEST STATION,0,6026
2017-12-26,21:04,Tuesday,VAUGHAN MC STATION,5,5626
2017-12-26,22:00,Tuesday,YUS/BD/SHEPPARD SUBWAY,0,0
2017-12-26,22:08,Tuesday,BLOOR DANFORTH SUBWAY,0,0
2017-12-26,22:10,Tuesday,YONGE UNIVERSITY LINE,0,0
2017-12-26,23:45,Tuesday,FINCH STATION,0,0
2017-12-27,00:55,Wednesday,YONGE BD STATION,0,5128
2017-12-27,01:51,Wednesday,BLOOR STATION,0,0
2017-12-27,03:00,Wednesday,BLOOR DANFORTH SUBWAY,0,5346
2017-12-27,03:00,Wednesday,YONGE UNIVERSITY LINE,0,5821
2017-12-27,05:50,Wednesday,VAUGHAN MC STATION,3,0
2017-12-27,05:59,Wednesday,KENNEDY SRT STATION,6,3026
2017-12-27,06:15,Wednesday,GREENWOOD CARHOUSE,0,0
2017-12-27,06:20,Wednesday,KIPLING STATION,5,5332
2017-12-27,06:24,Wednesday,COXWELL STATION,0,5322
2017-12-27,06:26,Wednesday,WILSON STATION,3,0
2017-12-27,06:29,Wednesday,SHEPPARD WEST STATION,17,5406
2017-12-27,06:44,Wednesday,COXWELL STATION,0,5153
2017-12-27,06:46,Wednesday,DONLANDS STATION,3,0
2017-12-27,06:56,Wednesday,WOODBINE STATION,0,5339
2017-12-27,07:03,Wednesday,WILSON STATION,3,0
2017-12-27,07:06,Wednesday,BROADVIEW STATION,3,5253
2017-12-27,07:12,Wednesday,WILSON STATION,3,0
2017-12-27,07:31,Wednesday,WILSON STATION,3,0
2017-12-27,07:33,Wednesday,MIDLAND STATION,0,3019
2017-12-27,07:36,Wednesday,WILSON STATION,3,0
2017-12-27,07:40,Wednesday,DON MILLS STATION,5,6196
2017-12-27,07:45,Wednesday,LAWRENCE STATION,0,5746
2017-12-27,07:57,Wednesday,QUEEN STATION,0,0
2017-12-27,08:10,Wednesday,FINCH STATION,0,5956
2017-12-27,08:17,Wednesday,LAWRENCE STATION,0,5671
2017-12-27,08:33,Wednesday,FINCH STATION,3,6066
2017-12-27,09:29,Wednesday,BATHURST STATION,0,0
2017-12-27,10:05,Wednesday,EGLINTON WEST STATION,0,5596
2017-12-27,10:53,Wednesday,KIPLING STATION,4,5140
2017-12-27,10:57,Wednesday,LAWRENCE STATION,4,5386
2017-12-27,11:03,Wednesday,YONGE SHP STATION,5,6166
2017-12-27,11:04,Wednesday,WARDEN STATION,0,5219
2017-12-27,11:13,Wednesday,LAWRENCE STATION,4,5386
2017-12-27,11:36,Wednesday,MIDLAND STATION,0,3019
2017-12-27,11:46,Wednesday,EGLINTON STATION,4,6031
2017-12-27,12:12,Wednesday,DAVISVILLE STATION,0,5701
2017-12-27,12:26,Wednesday,MCCOWAN STATION,0,3022
2017-12-27,13:25,Wednesday,JANE STATION,0,0
2017-12-27,14:07,Wednesday,KENNEDY BD STATION,0,5238
2017-12-27,15:08,Wednesday,DONLANDS STATION,0,5332
2017-12-27,15:12,Wednesday,OLD MILL STATION,0,5015
2017-12-27,15:31,Wednesday,LAWRENCE EAST STATION,0,0
2017-12-27,16:15,Wednesday,ST GEORGE BD STATION,5,5082
2017-12-27,16:32,Wednesday,VAUGHAN MC STATION,5,5706
2017-12-27,16:40,Wednesday,ST PATRICK STATION,7,5866
2017-12-27,16:41,Wednesday,QUEEN STATION,0,6051
2017-12-27,17:03,Wednesday,JANE STATION,6,5006
2017-12-27,17:08,Wednesday,ST CLAIR WEST STATION,0,5621
2017-12-27,17:20,Wednesday,SHEPPARD WEST STATION,3,6111
2017-12-27,17:24,Wednesday,YORKDALE STATION,0,0
2017-12-27,17:38,Wednesday,VAUGHAN MC STATION,5,5941
2017-12-27,17:39,Wednesday,MUSEUM STATION,0,5491
2017-12-27,18:00,Wednesday,ST GEORGE YUS STATION,0,5821
2017-12-27,18:08,Wednesday,QUEEN STATION,0,0
2017-12-27,18:37,Wednesday,ST CLAIR STATION,0,0
2017-12-27,19:25,Wednesday,OLD MILL STATION,0,5213
2017-12-27,20:11,Wednesday,BLOOR STATION,5,5601
2017-12-27,20:23,Wednesday,DOWNSVIEW PARK STATION,12,5941
2017-12-27,20:34,Wednesday,RUNNYMEDE STATION,3,5346
2017-12-27,20:46,Wednesday,WARDEN STATION,0,5009
2017-12-27,20:58,Wednesday,FINCH STATION,0,5766
2017-12-27,21:00,Wednesday,VAUGHAN MC STATION,3,5681
2017-12-27,21:14,Wednesday,KENNEDY BD STATION,0,5317
2017-12-27,22:00,Wednesday,YUS/BD/SHEPPARD SUBWAY,0,0
2017-12-27,22:04,Wednesday,FINCH STATION,0,0
2017-12-27,23:36,Wednesday,SHEPPARD WEST STATION,0,5961
2017-12-28,00:02,Thursday,BLOOR STATION,14,5571
2017-12-28,00:27,Thursday,SHEPPARD WEST STATION,5,5986
2017-12-28,00:37,Thursday,WARDEN STATION,0,5089
2017-12-28,01:41,Thursday,WILSON STATION,0,5976
2017-12-28,01:46,Thursday,WARDEN STATION,15,5213
2017-12-28,02:00,Thursday,MCCOWAN STATION,0,3004
2017-12-28,02:00,Thursday,YUS/BD/SHEPPARD SUBWAY,0,0
2017-12-28,02:56,Thursday,VAUGHAN MC STATION,0,0
2017-12-28,06:17,Thursday,SHEPPARD WEST STATION,4,5751
2017-12-28,06:20,Thursday,YORK MILLS STATION,0,0
2017-12-28,06:35,Thursday,SHEPPARD WEST STATION,6,5661
2017-12-28,06:45,Thursday,SHEPPARD STATION,0,5571
2017-12-28,07:04,Thursday,BLOOR STATION,3,5571
2017-12-28,07:17,Thursday,CHRISTIE STATION,7,5022
2017-12-28,07:26,Thursday,WARDEN STATION,0,5259
2017-12-28,07:33,Thursday,MAIN STREET STATION,0,5006
2017-12-28,07:38,Thursday,ST GEORGE BD STATION,3,5358
2017-12-28,07:53,Thursday,KIPLING STATION,0,5322
2017-12-28,09:04,Thursday,WARDEN STATION,3,5238
2017-12-28,09:20,Thursday,ISLINGTON STATION,4,5010
2017-12-28,09:32,Thursday,ST GEORGE BD STATION,0,0
2017-12-28,11:13,Thursday,ROYAL YORK STATION,5,5009
2017-12-28,11:19,Thursday,COXWELL STATION,0,0
2017-12-28,11:48,Thursday,SCARB CTR STATION,0,0
2017-12-28,12:51,Thursday,MCCOWAN STATION,6,3019
2017-12-28,12:58,Thursday,ST GEORGE YUS STATION,0,5701
2017-12-28,13:05,Thursday,KENNEDY BD STATION,0,5039
2017-12-28,13:16,Thursday,ST GEORGE YUS STATION,0,5641
2017-12-28,13:39,Thursday,ISLINGTON STATION,8,5253
2017-12-28,13:45,Thursday,ST CLAIR WEST STATION,3,6071
2017-12-28,13:50,Thursday,YONGE BD STATION,0,0
2017-12-28,13:53,Thursday,YONGE BD STATION,0,0
2017-12-28,14:31,Thursday,YONGE BD STATION,0,0
2017-12-28,14:34,Thursday,BLOOR DANFORTH SUBWAY,3,5217
2017-12-28,14:49,Thursday,SPADINA YUS STATION,5,5741
2017-12-28,15:08,Thursday,BROADVIEW STATION,0,5021
2017-12-28,15:13,Thursday,YORK MILLS STATION,8,5856
2017-12-28,15:53,Thursday,EGLINTON STATION,3,6066
2017-12-28,16:11,Thursday,ST CLAIR STATION,0,6036
2017-12-28,16:17,Thursday,CHRISTIE STATION,0,5031
2017-12-28,16:54,Thursday,VAUGHAN MC STATION,5,5826
2017-12-28,17:03,Thursday,FINCH STATION,0,5681
2017-12-28,17:17,Thursday,OSSINGTON STATION,0,5137
2017-12-28,17:31,Thursday,CHESTER STATION,0,5111
2017-12-28,17:40,Thursday,YORKDALE STATION,3,5631
2017-12-28,17:50,Thursday,MUSEUM STATION,0,5981
2017-12-28,18:02,Thursday,ST GEORGE YUS STATION,0,0
2017-12-28,18:10,Thursday,QUEEN STATION,0,0
2017-12-28,18:20,Thursday,WARDEN STATION,0,5021
2017-12-28,18:21,Thursday,KIPLING STATION,0,0
2017-12-28,18:53,Thursday,BROADVIEW STATION,0,0
2017-12-28,19:21,Thursday,LAWRENCE EAST STATION,0,3018
2017-12-28,19:53,Thursday,DON MILLS STATION,0,0
2017-12-28,20:33,Thursday,JANE STATION,0,5027
2017-12-28,20:41,Thursday,BLOOR STATION,0,0
2017-12-28,20:47,Thursday,SHEPPARD WEST STATION,10,5481
2017-12-28,21:16,Thursday,MIDLAND STATION,7,3004
2017-12-28,21:36,Thursday,SHEPPARD WEST STATION,10,5526
2017-12-28,21:47,Thursday,EGLINTON WEST STATION,5,6101
2017-12-28,22:00,Thursday,YUS/BD/SHEPPARD SUBWAY,0,0
2017-12-28,22:12,Thursday,KENNEDY SRT STATION,0,3025
2017-12-28,22:22,Thursday,BAY STATION,6,5141
2017-12-28,22:22,Thursday,OSSINGTON STATION,0,0
2017-12-28,22:26,Thursday,EGLINTON STATION,4,5386
2017-12-28,22:29,Thursday,WARDEN STATION,0,5219
2017-12-28,22:32,Thursday,VICTORIA PARK STATION,7,5219
2017-12-28,22:49,Thursday,ISLINGTON STATION,0,5081
2017-12-28,23:14,Thursday,BLOOR DANFORTH SUBWAY,0,0
2017-12-28,23:17,Thursday,SHEPPARD WEST STATION,5,5456
2017-12-28,23:20,Thursday,HIGH PARK STATION,20,5126
2017-12-28,23:38,Thursday,SHEPPARD WEST STATION,14,5386
2017-12-28,23:54,Thursday,ROYAL YORK STATION,0,5273
2017-12-29,00:05,Friday,NORTH YORK CTR STATION,0,5706
2017-12-29,00:17,Friday,GREENWOOD STATION,13,5021
2017-12-29,00:41,Friday,MCCOWAN STATION,10,3015
2017-12-29,02:00,Friday,SCARBOROUGH RAPID TRAN,0,0
2017-12-29,03:00,Friday,YUS/BD/SHEPPARD SUBWAY,0,0
2017-12-29,05:45,Friday,DAVISVILLE STATION,10,5716
2017-12-29,05:54,Friday,UNION STATION,0,0
2017-12-29,06:00,Friday,TORONTO TRANSIT COMMIS,0,0
2017-12-29,06:00,Friday,TORONTO TRANSIT COMMIS,0,0
2017-12-29,06:00,Friday,TORONTO TRANSIT COMMIS,0,0
2017-12-29,06:15,Friday,MCCOWAN STATION,7,3022
2017-12-29,06:40,Friday,ST GEORGE BD STATION,0,5096
2017-12-29,06:45,Friday,KIPLING STATION,0,5213
2017-12-29,06:56,Friday,GREENWOOD STATION,3,0
2017-12-29,07:01,Friday,VICTORIA PARK STATION,0,5027
2017-12-29,07:07,Friday,FINCH STATION,3,6006
2017-12-29,07:21,Friday,FINCH STATION,0,5536
2017-12-29,07:34,Friday,WILSON STATION,3,0
2017-12-29,07:46,Friday,WOODBINE STATION,0,5321
2017-12-29,08:02,Friday,EGLINTON WEST STATION,0,6006
2017-12-29,08:10,Friday,EGLINTON WEST STATION,8,5626
2017-12-29,08:22,Friday,ST GEORGE BD STATION,0,5096
2017-12-29,08:34,Friday,FINCH STATION,0,5936
2017-12-29,08:43,Friday,SHERBOURNE STATION,0,0
2017-12-29,09:34,Friday,VICTORIA PARK STATION,0,5289
2017-12-29,09:39,Friday,DONLANDS STATION,3,0
2017-12-29,09:50,Friday,EGLINTON STATION,0,5826
2017-12-29,09:50,Friday,MAIN STREET STATION,0,0
2017-12-29,10:17,Friday,DUNDAS STATION,3,6106
2017-12-29,10:18,Friday,VICTORIA PARK STATION,0,5312
2017-12-29,10:29,Friday,ISLINGTON STATION,0,5096
2017-12-29,10:50,Friday,YONGE UNIVERSITY LINE,0,0
2017-12-29,11:15,Friday,KING STATION,0,6071
2017-12-29,11:23,Friday,KIPLING STATION,3,5098
2017-12-29,11:34,Friday,OLD MILL STATION,3,5186
2017-12-29,11:58,Friday,KIPLING STATION,0,5005
2017-12-29,12:00,Friday,KING STATION,0,5936
2017-12-29,12:21,Friday,QUEEN'S PARK STATION,0,5891
2017-12-29,12:24,Friday,BATHURST STATION,15,5091
2017-12-29,12:31,Friday,KING STATION,0,5956
2017-12-29,12:33,Friday,KIPLING STATION,0,5321
2017-12-29,13:48,Friday,BROADVIEW STATION,0,5182
2017-12-29,13:51,Friday,YORKDALE STATION,0,5756
2017-12-29,13:52,Friday,VICTORIA PARK STATION,4,5061
2017-12-29,13:54,Friday,ST GEORGE BD STATION,0,5096
2017-12-29,14:03,Friday,WILSON STATION,3,0
2017-12-29,14:36,Friday,MCCOWAN STATION,6,3007
2017-12-29,14:40,Friday,LAWRENCE STATION,0,0
2017-12-29,14:49,Friday,ELLESMERE STATION,4,3017
2017-12-29,15:06,Friday,EGLINTON WEST STATION,5,6001
2017-12-29,15:06,Friday,VICTORIA PARK STATION,0,5089
2017-12-29,15:35,Friday,BLOOR STATION,5,5706
2017-12-29,15:43,Friday,ST GEORGE BD STATION,0,5096
2017-12-29,15:48,Friday,DUNDAS WEST STATION,0,0
2017-12-29,16:10,Friday,SPADINA BD STATION,0,5221
2017-12-29,16:14,Friday,KIPLING STATION,0,0
2017-12-29,16:14,Friday,YUS/BD/SHEPPARD SUBWAY,0,0
2017-12-29,16:40,Friday,SCARB CTR STATION,8,3011
2017-12-29,16:50,Friday,VICTORIA PARK STATION,0,5312
2017-12-29,17:42,Friday,BESSARION STATION,0,0
2017-12-29,18:02,Friday,BLOOR STATION,0,0
2017-12-29,18:27,Friday,VAUGHAN MC STATION,0,0
2017-12-29,18:33,Friday,LAWRENCE EAST STATION,6,3000
2017-12-29,19:22,Friday,BLOOR STATION,3,6006
2017-12-29,20:19,Friday,ROSEDALE STATION,10,5666
2017-12-29,20:47,Friday,EGLINTON WEST STATION,3,6086
2017-12-29,20:50,Friday,ROSEDALE STATION,0,5736
2017-12-29,21:00,Friday,KENNEDY BD STATION,0,5122
2017-12-29,21:36,Friday,EGLINTON STATION,0,5941
2017-12-29,21:55,Friday,EGLINTON STATION,0,5761
2017-12-29,22:00,Friday,YUS/BD/SHEPPARD SUBWAY,0,0
2017-12-29,23:01,Friday,ISLINGTON STATION,3,5081
2017-12-29,23:17,Friday,FINCH STATION,4,5936
2017-12-29,23:49,Friday,ST GEORGE YUS STATION,8,5641
2017-12-30,00:41,Saturday,YONGE UNIVERSITY LINE,0,0
2017-12-30,01:32,Saturday,MAIN STREET STATION,3,5105
2017-12-30,02:05,Saturday,DAVISVILLE HOSTLER,0,6131
2017-12-30,02:13,Saturday,CHESTER STATION,0,3257
2017-12-30,05:16,Saturday,EGLINTON STATION,0,0
2017-12-30,05:47,Saturday,KEELE STATION,0,5221
2017-12-30,05:48,Saturday,MCCOWAN STATION,105,3012
2017-12-30,06:18,Saturday,COXWELL STATION,0,5261
2017-12-30,06:39,Saturday,KENNEDY BD STATION,0,5081
2017-12-30,08:53,Saturday,KENNEDY SRT STATION,7,3000
2017-12-30,09:17,Saturday,BROADVIEW STATION,4,5226
2017-12-30,10:08,Saturday,SHERBOURNE STATION,0,0
2017-12-30,10:22,Saturday,DOWNSVIEW PARK STATION,0,0
2017-12-30,10:23,Saturday,UNION STATION,0,5931
2017-12-30,10:43,Saturday,FINCH STATION,5,6081
2017-12-30,11:20,Saturday,YONGE UNIVERSITY LINE,0,0
2017-12-30,11:27,Saturday,VAUGHAN MC STATION,11,5831
2017-12-30,11:49,Saturday,YORK MILLS STATION,0,5766
2017-12-30,12:31,Saturday,SHERBOURNE STATION,0,5321
2017-12-30,12:53,Saturday,ISLINGTON STATION,0,0
2017-12-30,13:47,Saturday,SHEPPARD WYE,0,6141
2017-12-30,13:55,Saturday,BATHURST STATION,0,0
2017-12-30,14:48,Saturday,ST CLAIR WEST STATION,0,0
2017-12-30,14:52,Saturday,LAWRENCE EAST STATION,8,3016
2017-12-30,15:01,Saturday,ST CLAIR WEST STATION,0,5836
2017-12-30,15:38,Saturday,PIONEER VILLAGE STATIO,5,5816
2017-12-30,15:50,Saturday,LAWRENCE EAST STATION,7,3016
2017-12-30,16:25,Saturday,DUPONT STATION,0,5631
2017-12-30,16:26,Saturday,ST PATRICK STATION,5,5676
2017-12-30,16:49,Saturday,KENNEDY SRT STATION,22,3007
2017-12-30,17:50,Saturday,VAUGHAN MC STATION,5,5931
2017-12-30,17:51,Saturday,WARDEN STATION,9,5238
2017-12-30,17:57,Saturday,ST CLAIR STATION,14,5956
2017-12-30,18:49,Saturday,WILSON STATION,4,5666
2017-12-30,19:10,Saturday,VAUGHAN MC STATION,5,5991
2017-12-30,19:15,Saturday,WILSON STATION,0,5531
2017-12-30,19:25,Saturday,LANSDOWNE STATION,4,5274
2017-12-30,19:30,Saturday,SHEPPARD WEST STATION,5,6021
2017-12-30,19:31,Saturday,FINCH STATION,5,5936
2017-12-30,19:39,Saturday,WILSON STATION,0,5401
2017-12-30,19:59,Saturday,MCCOWAN STATION,6,3004
2017-12-30,20:09,Saturday,WARDEN STATION,0,5313
2017-12-30,20:46,Saturday,RUNNYMEDE STATION,0,0
2017-12-30,21:11,Saturday,GREENWOOD CARHOUSE,0,0
2017-12-30,21:11,Saturday,MCCOWAN STATION,14,3023
2017-12-30,22:00,Saturday,YUS/BD/SHEPPARD SUBWAY,0,0
2017-12-30,22:01,Saturday,OSGOODE STATION,5,5831
2017-12-30,22:41,Saturday,NORTH YORK CTR STATION,0,5711
2017-12-30,22:52,Saturday,DON MILLS STATION,0,0
2017-12-30,22:57,Saturday,ISLINGTON STATION,0,5168
2017-12-31,00:04,Sunday,VICTORIA PARK STATION,3,5246
2017-12-31,00:09,Sunday,CHRISTIE STATION,6,5186
2017-12-31,00:48,Sunday,WARDEN STATION,0,0
2017-12-31,00:48,Sunday,YONGE BD STATION,0,0
2017-12-31,00:57,Sunday,SPADINA BD STATION,5,5238
2017-12-31,01:03,Sunday,FINCH STATION,0,5701
2017-12-31,01:22,Sunday,DOWNSVIEW PARK STATION,0,6066
2017-12-31,01:43,Sunday,KIPLING STATION,0,5210
2017-12-31,02:00,Sunday,SCARBOROUGH RAPID TRAN,0,3004
2017-12-31,02:00,Sunday,YONGE UNIVERSITY LINE,0,0
2017-12-31,02:00,Sunday,YONGE UNIVERSITY LINE,0,0
2017-12-31,02:03,Sunday,ROYAL YORK STATION,0,5266
2017-12-31,02:17,Sunday,ST CLAIR WEST STATION,0,5956
2017-12-31,02:30,Sunday,ST CLAIR WEST STATION,0,5441
2017-12-31,03:10,Sunday,BLOOR DANFORTH SUBWAY,0,0
2017-12-31,03:12,Sunday,YUS/BD/SHEPPARD SUBWAY,0,0
2017-12-31,07:57,Sunday,ROSEDALE STATION,0,0
2017-12-31,08:02,Sunday,KIPLING STATION,0,5050
2017-12-31,08:09,Sunday,BLOOR STATION,9,5636
2017-12-31,08:36,Sunday,EGLINTON STATION,3,5426
2017-12-31,08:39,Sunday,BATHURST STATION,15,5269
2017-12-31,09:08,Sunday,KIPLING STATION,4,5346
2017-12-31,09:14,Sunday,BLOOR STATION,5,5706
2017-12-31,09:18,Sunday,SUMMERHILL STATION,0,5746
2017-12-31,09:25,Sunday,KENNEDY BD STATION,0,5273
2017-12-31,09:36,Sunday,MCCOWAN STATION,15,3022
2017-12-31,09:38,Sunday,VAUGHAN MC STATION,4,5846
2017-12-31,10:13,Sunday,KENNEDY BD STATION,4,5346
2017-12-31,10:45,Sunday,VICTORIA PARK STATION,0,5336
2017-12-31,10:50,Sunday,ST CLAIR WEST STATION,0,5951
2017-12-31,11:28,Sunday,KEELE STATION,4,5186
2017-12-31,12:03,Sunday,WILSON STATION,3,6126
2017-12-31,12:05,Sunday,ST GEORGE YUS STATION,4,5961
2017-12-31,12:15,Sunday,ST ANDREW STATION,3,5961
2017-12-31,12:48,Sunday,PAPE STATION,4,5241
2017-12-31,13:08,Sunday,VICTORIA PARK STATION,0,0
2017-12-31,13:28,Sunday,DOWNSVIEW PARK STATION,0,5386
2017-12-31,13:31,Sunday,EGLINTON STATION,4,5991
2017-12-31,13:35,Sunday,ISLINGTON STATION,91,5050
2017-12-31,14:08,Sunday,WOODBINE STATION,15,5246
2017-12-31,14:16,Sunday,BESSARION STATION,0,0
2017-12-31,14:22,Sunday,SHEPPARD WEST STATION,8,5766
2017-12-31,14:35,Sunday,ROSEDALE STATION,0,5436
2017-12-31,14:44,Sunday,KENNEDY BD STATION,0,5273
2017-12-31,14:49,Sunday,FINCH STATION,0,5566
2017-12-31,14:57,Sunday,EGLINTON STATION,3,5931
2017-12-31,15:10,Sunday,SHEPPARD WEST STATION,0,6126
2017-12-31,15:14,Sunday,KIPLING STATION,0,5336
2017-12-31,16:26,Sunday,YONGE SHP STATION,0,6161
2017-12-31,16:49,Sunday,BLOOR STATION,0,5571
2017-12-31,17:58,Sunday,JANE STATION,103,5346
2017-12-31,17:58,Sunday,VICTORIA PARK STATION,0,0
2017-12-31,18:19,Sunday,KIPLING STATION,0,5146
2017-12-31,18:25,Sunday,BLOOR STATION,0,0
2017-12-31,18:25,Sunday,BLOOR STATION,12,5506
2017-12-31,18:41,Sunday,ISLINGTON STATION,0,5291
2017-12-31,19:19,Sunday,YONGE SHP STATION,0,6191
2017-12-31,19:27,Sunday,SHEPPARD WEST STATION,12,6106
2017-12-31,20:12,Sunday,GREENWOOD WYE,10,5361
2017-12-31,20:14,Sunday,SHERBOURNE STATION,0,0
2017-12-31,20:29,Sunday,KIPLING STATION,0,5064
2017-12-31,20:46,Sunday,DAVISVILLE STATION,9,5446
2017-12-31,20:47,Sunday,KENNEDY BD STATION,6,5238
2017-12-31,21:16,Sunday,ST CLAIR STATION,0,5401
2017-12-31,21:33,Sunday,QUEEN STATION,5,5736
2017-12-31,21:52,Sunday,YORK MILLS STATION,3,5851
2017-12-31,22:00,Sunday,YUS/BD/SHEPPARD SUBWAY,0,0
2017-12-31,22:43,Sunday,KIPLING STATION,0,0
2017-12-31,22:46,Sunday,BROADVIEW STATION,4,5261
2017-12-31,23:06,Sunday,WARDEN STATION,4,5330
2017-12-31,23:11,Sunday,WELLESLEY STATION,0,5671
2017-12-31,23:24,Sunday,KEELE STATION,0,5245
2017-12-31,23:44,Sunday,BAY STATION,0,0
2017-12-31,23:44,Sunday,WARDEN STATION,0,5225
2017-12-31,23:58,Sunday,GLENCAIRN STATION,10,5576
2017-12-31,23:59,Sunday,LAWRENCE STATION,0,6136